,1846,1847,1848,1849,1850,1851,1852,1853,1854,1855,1856,1857,1858,1859,1860,1861,1862,1863,1864,1865,1866,1867,1868,1869,1870,1871,1872,1873,1874,1875,1876,1877,1878,1879,1880,1881,1882,1883,1884,1885,1886,1887,1888,1889,1890,1891,1892,1893,1894,1895,1896,1897,1898,1899,1900,1901,1902,1903,1904,1905,1906,1907,1908,1909,1910,1911,1912,1913,1914,1915,1916,1917,1918,1919,1920,1921,1922,1923,1924,1925,1926,1927,1928,1929,1930,1931,1932,1933,1934,1935,1936,1937,1938,1939,1940,1941,1942,1943,1944,1945,1946,1947,1948,1949,1950,1951,1952,1953,1954,1955,1956,1957,1958,1959,1960,1961,1962,1963,1964,1965,1966,1967,1968,1969,1970,1971,1972,1973,1974,1975,1976,1977,1978,1979,1980,1981,1982,1983,1984,1985,1986,1987,1988,1989,1990,1991,1992,1993,1994,1995,1996,1997,1998,1999,2000,2001,2002,2003,2004,2005,2006,2007,2008,2009,2010,2011,2012,2013,2014,2015,2016,2017,2018,2019,2020,2021,2022,2023
0,120.03634393205469,124.5908040774325,122.91024530242845,103.69319980248915,98.81091534427152,103.5771359822085,112.8401271062902,100.51389667219115,94.9263918799777,96.51045878707883,95.69397105238232,98.33242840947108,96.16406665207741,101.58678985744051,96.70872027317793,119.25590957941135,124.622471544203,111.03287167157313,101.57505485151442,102.0108962590864,98.99401982246633,110.97398846803756,118.59301718519775,103.49475716086523,98.48825989064008,96.12577553631638,101.24227526640873,104.69688400527862,114.33472907955675,116.35613744814522,109.28215736799831,105.9227093881221,100.63365959933147,90.07786160465659,94.27480500601739,94.9677304643472,111.41201029361464,96.08708230869377,96.7082430754492,90.85143904579058,88.49434351254605,87.40994330021019,93.35613333007943,106.38282636568337,95.71070879333708,95.19646178429855,98.2224640239035,88.85992816864959,99.82358494178025,93.33731243982999,94.37528108353008,92.86225185674556,88.43742121229373,102.15159818056333,86.95141615619706,88.12763794553855,72.11043793657628,73.65136547128984,70.66607946111957,77.11616640259945,65.4948564942233,62.21103907757342,72.60355868637404,67.50989642280523,63.827733330294315,60.77477408452623,63.12396202432395,59.59444412498105,63.86816198614091,61.937613125348285,62.38970215092868,61.18489529122778,63.84695737664625,56.6863467980524,58.10930667846689,48.79677846511104,50.57073029100729,45.88566046968194,45.64658280165531,45.53665290775241,45.74279674734817,45.45739080500852,46.12610528794996,50.920237521121166,43.17877518537837,41.9080260525366,44.79624717079771,43.117557530787046,37.71486379757619,40.22618045108349,41.22832287906072,41.031449046018814,36.27926297960842,35.65617628342154,36.26267119017246,39.184926857395524,36.59477114033862,35.26247522361912,35.2183944346377,34.59522838802604,33.564526870348814,30.710666479657444,27.43295904714649,25.66924642858507,25.893995462956912,23.758156843184096,23.47788759463848,20.503120351305565,20.155334572851107,19.569251351516495,20.1647894642991,19.290872968598027,18.98500892810704,17.97086537113677,17.901205385496223,17.513797025568014,17.178426755005745,16.357600456565947,16.48129188316681,16.208623262946553,13.663124729299343,14.07630393775071,13.183178690447997,13.248226744474511,12.151326348164107,12.449029772601333,11.26371905159436,11.115761782347626,9.912063229997722,10.265368504906688,9.672978766702101,8.629116539722348,8.48645333906046,8.30566388330349,8.069039909243868,7.5178899211664625,8.139703324566236,7.869071401762514,8.364030915540864,8.582158246692755,7.904458346991772,8.567544401818967,8.2492181555094,7.995374770672619,6.942801259579906,6.198195946840194,5.72931790252409,5.042872795627947,5.227063119300177,4.043433770129133,4.071813601042104,4.061634230598215,3.948907267572339,3.9489704506371037,3.7715488840446323,3.843226683505629,3.4355892330780677,3.4045499480626944,3.226065131709989,3.0657935053179255,3.199620888162873,3.0702006495521177,2.7262257402819356,3.133066217680872,2.7619735997318786,2.321253660061229,2.471896668163666,2.4481781474286217,2.4197158447026372,2.3436573970801398,2.141949144783433,2.24246149133004,2.296987687611811,2.0636528284262745,1.7013853447583094,1.898633768698576,1.7865506624327259,2.0428682409728833
1-4,28.132037220687987,34.24033742735345,33.01629566113449,25.36861232947264,22.405458400568385,21.395713725350355,23.23993530324717,21.524511959941805,18.73047517435638,21.279117023006503,24.18394906105498,22.028402978099457,19.231779305634138,23.181373458553015,24.193709952766515,36.44554655245067,40.35412433003944,33.950737192127626,27.279747211350454,25.287637333497372,22.971209031710973,25.540184984766814,27.506315347415054,23.81309708482522,20.139015057176685,24.243196813923745,24.046816226733824,24.75620024388677,27.0071109120545,25.292316201183088,29.500710745006145,25.502153763155615,21.914250317855696,18.379921549916524,18.62518489496126,23.178835704216233,30.88176574248692,25.594977515494918,23.67843638012161,21.80239230782381,22.034168865245515,22.088076002258315,23.40804276891369,26.254402762032313,25.654509896107232,21.00907524004782,21.79907237386331,18.685877506465552,22.886653470879377,17.559002268039777,15.944659926970354,14.95564210816809,15.103918791992953,17.345188095097573,14.758935548973984,13.85118904583757,11.814577023511504,13.570641655590068,11.37043979796374,12.306532867734745,10.6255848774704,10.159908641400813,11.307979406057882,10.70143574065464,9.005153094730113,10.152494594578528,9.673480254100824,8.957576493906553,9.79674706515715,8.551395385350478,10.17935059515234,8.973994094418158,11.173101823360867,10.654114820553858,8.522973041001809,6.782276926766915,7.060390038319449,6.431468387205901,5.5619692333003545,5.476263789972431,4.5789708125842035,5.339238575519575,4.928641297570455,5.261594463018019,4.628841526785941,4.596559398415878,4.195386295830684,4.249775706282168,3.783983815858382,4.04765545978827,3.745777491287499,3.800594439159778,3.599039913853381,3.57323558139582,3.752575098078206,4.84336589437803,4.779763991054055,5.347604251129258,5.3897325663020395,4.3879265225264525,4.00906980411717,3.2731828531887337,2.5171668881591156,2.386120590125277,2.2217961525600387,2.058739588989225,1.7583468667758302,1.7542529269059213,1.5316047256049414,1.6849580524103924,1.5570768959463586,1.453346639168374,1.4454717768493242,1.2077175168923933,1.3676924564828883,1.149542898280361,1.1569175179430358,1.2069007557735267,1.2030179645944752,1.0447021349329975,1.0678623105123242,0.9574486661347071,0.9522952869248619,0.943550181283876,0.8948785250646205,0.8931316848872469,0.8211971493598026,0.8402772114533784,0.795417032105825,0.7835364275582583,0.7938466797024285,0.5688026195483028,0.6304620714239826,0.5658737059871433,0.4274817509855837,0.4791388973813704,0.5107723344689018,0.4717500047904511,0.527643758025621,0.4768743941359985,0.4380875480062734,0.44070575795293937,0.44755895692557407,0.4177264911861822,0.41821111196925204,0.43318488510296,0.39169364005579266,0.37219019663428404,0.29091153441698564,0.26714217425700465,0.2795977458187176,0.30531029076803157,0.24201576654781778,0.3366353014250963,0.2593758438978349,0.2240350994960621,0.285508863286768,0.25907898778943744,0.20136046118558665,0.21214534709836255,0.18225353106452857,0.15873929764639388,0.1685193482980426,0.15437659954497288,0.12284020810605337,0.13680186137440886,0.13483790381858732,0.12270057149968121,0.11548397602090722,0.12906998501295802,0.10167914984987965,0.13539753022596002,0.053922507798127906,0.12224344715055371,0.09431577694311892,0.07063375563342829,0.12016078046474096,0.17792108728288125
5-9,7.344438485427829,9.499343965657147,8.619920464028178,6.742882315270152,6.346883477687095,6.25819743630856,6.1017508555892395,6.62148177507483,4.961719737550338,5.6418159520861355,6.346392927139838,5.767999301379925,5.516811994770186,6.74057014469554,6.933251889418002,11.004834508452136,11.782827749533007,10.193137779761223,7.671043903308953,6.60091006524567,5.885490381571443,6.569705807983825,7.471161060278736,6.281157559174782,5.490625115804593,6.974712467118527,6.724330168852994,6.2140636825622515,6.956963992805785,6.713399624411015,8.840393187455282,6.681898077206556,5.917338282494176,5.060144053233885,5.296174524428636,6.54210008762435,9.742649828431222,8.558941868882728,7.784751943838914,7.3723667819495535,7.210471481560889,7.155808690204659,7.3289526981270425,8.019021100589475,8.413441790690904,7.3969466793682885,6.786206536463996,6.522549078064041,6.505752647543277,4.741975491831963,4.547027170750421,4.519756418003692,4.212676239132486,4.417258331026257,3.9607302745409205,3.628402280211692,3.374919866947523,4.005288173771329,3.5853494544804225,4.0275892414453,3.6226824854968087,3.463556621815755,3.6808913392571663,3.553813839290283,3.4443648302589214,3.716084810484514,3.213903916939668,3.1466629267436894,2.9060785876211352,2.585201526568723,3.0548037785229307,3.240526657274875,4.366459073168405,4.160895159821798,3.1395040371831144,2.207053550297411,2.083763966023152,1.8257584016230728,1.8174249246856589,1.7899005581887526,1.6700860718674326,1.773971630700476,1.5590834713497421,1.656280714504709,1.6496232010612517,1.4397076560327935,1.3166767824249712,1.3115578086774864,1.2699991743986105,1.2034987409680884,1.259983128219312,1.3629175530617046,1.1247939794104413,1.0119123448187808,1.1587901199940638,1.730937695751967,1.9277486795796657,2.3629014718836614,1.946480516170391,1.5355942899890538,1.0950091297258013,0.9583201376849586,0.8249954709302576,0.696890991014644,0.7825731333726954,0.6879175752763558,0.6456815643920064,0.5814877188522768,0.5961845194853183,0.5074439992343408,0.5145461887078194,0.5313421515795179,0.48958170139432866,0.5342598970650415,0.5199658329766003,0.47446140093971595,0.48163665864177546,0.4747547070872391,0.4964549921855871,0.5119714528618619,0.44568039217523664,0.41228642336226906,0.4403179718877331,0.436296253751985,0.4178137126139085,0.44267652089897985,0.4298441378498365,0.40192114626192776,0.43093771078146276,0.328830477601531,0.30153363202329664,0.3332210075609664,0.31791476283359993,0.2982153202671722,0.26190357873212483,0.24159618428943697,0.20700739347606542,0.2517158933055439,0.18133493525335,0.2471196775886594,0.2232583548376679,0.1931363139494132,0.2118284219698654,0.17079804493688797,0.20587354904789698,0.19747523650854024,0.16069253761679286,0.1348785418730433,0.13815560880686745,0.15451907360617914,0.11536330884765045,0.18908532495192173,0.10800356843790118,0.12335150052068941,0.13576814710172555,0.10399599745404799,0.14908101117242264,0.11680826857180088,0.09732965048317732,0.11417205670227976,0.11821102585761115,0.07330265372932582,0.09690714559820454,0.107151699549849,0.09399230713248538,0.07021616514547803,0.08220686527108381,0.06484720539347177,0.07981704146195191,0.03140400228307097,0.03717864358666181,0.06188066159709346,0.05590768597435496,0.06603268787848325,0.05413932630034116,0.04200941094824063,0.08134991131720769,0.09163038267138562
10-14,3.4031668474697,4.778985370855359,4.075610282362226,3.9161078160426155,3.9678823906272,4.3082975866801805,4.31525345785753,4.485384455811902,3.72065911476218,3.621397512332225,3.7739087151279795,3.8350442916870606,3.885705811114378,4.328540909365939,4.161758279622708,4.661063312716675,5.015508511579727,4.396133376043664,4.273255000044098,3.8780781718193924,4.234352421111384,4.14926070001522,4.4570922653410285,4.072263493176512,3.6095501887522325,3.9134690026921852,3.76484985631299,3.9296278936333278,4.654576619505756,4.1336362051722055,5.103769383544433,4.321905311956776,3.8532858510270738,3.408697812070498,3.820283750382481,3.9132111258167717,5.321895392259012,4.7482250409120015,4.487040701990445,4.524890784321005,4.328043712295746,4.512673224727519,4.620519916247107,5.068733478869802,5.682881157320715,4.7642418500056865,4.823918876175932,4.321186746507396,4.465280503155162,3.849561031628735,3.4103228064137303,3.6430237636945884,3.5899603375785367,3.7851454312331603,3.582444879370692,3.535527141324482,3.1609653333939014,3.532694516646211,3.3793577692313375,3.5690074570323405,3.618158563254092,3.329579563773613,3.3655616797125845,3.0516750176866605,3.0090168523995238,3.023100257912054,2.9017637589000436,2.7433310023818374,2.8974176891924794,2.420881368501372,3.03661777082179,2.9014696336278325,4.577245831436833,3.2784088379762104,2.684687695586773,2.155541321563836,2.241064556754208,2.052732530324606,1.9074960428065255,1.994790973214569,1.7210987392897386,1.5368251998062155,1.4592417839776877,1.7314989872618853,1.5752436903764937,1.4042444982342799,1.4309578497972892,1.1792208151493564,1.241020128931087,1.2616257128450699,1.396587843382179,1.1515794205813916,0.9187624703275211,0.9373886595129313,1.1378576670562512,1.4278387778633232,1.604311821333881,1.554542741410786,1.7947543634637548,1.30481980099634,0.8240806971495024,0.6470688428487792,0.6107469702479842,0.4891970446267935,0.5178715327966379,0.524460780892733,0.48889218246614397,0.45214629916506704,0.4676596461270962,0.44031803298645456,0.36377186317923366,0.41623436565449784,0.34441208140179547,0.41536602557647767,0.3373918718596754,0.3322662077048393,0.3567113514757494,0.36773563107807367,0.2931907100074401,0.369578351870146,0.3091212777153123,0.371341141530031,0.2887896221035056,0.36002903196269626,0.27600930677405094,0.33262491834791985,0.31286823492998034,0.29701283098693737,0.2791522147238835,0.3792607666770801,0.28389440831901236,0.278727282913488,0.24443761580804949,0.24843831674096628,0.2246687014154672,0.21975370907384437,0.26539298141118195,0.2190967129407039,0.1890766826128243,0.20399050691927828,0.2404119989826291,0.17846578932655832,0.16036185122461502,0.16941895742888316,0.23745837222813523,0.1410384869635077,0.1753950143407038,0.1718924387266483,0.19931806390865406,0.16479230746442852,0.1524230530719047,0.14398693144297184,0.14455662573996778,0.12938499681048013,0.11750746258695285,0.08391531964117273,0.14704982753996226,0.16097776607290554,0.11794986420923409,0.11809480523294041,0.06385274229489757,0.12399068798140775,0.09818779939269327,0.09517691914025926,0.09516176643838628,0.1083387749669495,0.12238945006060657,0.05198280447814965,0.06822495939315393,0.07160504531753129,0.09680990951750659,0.08295288534542523,0.0974682802844401,0.08692559026666845,0.09785627467198917,0.10669327129434607,0.07880049880715745,0.0784925209458047
15-19,4.535616477357052,6.182952776570377,5.336354528951118,5.115515574992526,5.0137942012963155,5.05913608485167,5.2010246082814335,5.504314377687204,4.820326460739117,4.978008188688093,4.746942695792139,4.882791898324394,4.877711474956409,5.322029906982221,5.054278556673845,6.38262381984334,6.76545655200473,6.002487399358513,5.800027933539781,5.3025726142740375,5.5674541579856776,5.595259414918467,5.754304641779319,5.340259685245395,4.962019211017603,5.06106135377065,5.3608940791319455,5.563171937461127,6.191182378622828,6.185213658400003,6.59951152443974,5.544182108517075,5.138452754781616,5.448930246470091,5.433407083438486,5.514582474177369,6.129636793898499,6.095927646176878,5.6203756294205,5.668486203891122,5.576417754846879,5.474490965861564,6.137956976839048,6.292956750425423,7.180060768267044,7.097516059916373,6.55570093228735,6.824639834602127,6.189216959988081,5.920777703048307,5.759339888035403,5.901928758980049,6.3917994522335,6.68910983753554,6.357761151072191,5.896369625994394,5.646907572604254,6.277133921837155,5.811580567420164,6.1466146651188485,6.077870643353781,5.906023998923419,5.7831698057220375,4.96286047640808,4.9615516740216155,5.41084068509471,5.296633553708982,5.201116272716173,5.440612267153097,5.225844219108196,5.9198535428138666,5.800167434416826,10.25780156410084,5.994578727795283,5.541153647084489,4.555286724949434,4.621772512194542,4.425604678697133,4.456749705018108,4.379074736586019,3.5223519114585775,3.6011015354879268,3.13078048579698,3.623335364332592,3.157604866041534,3.11098336095263,2.812746057821897,2.4985020790043064,2.252808867810876,2.058217192313264,2.212068331660291,2.2147483254920695,1.9654636183979788,1.7945334469151049,2.1452576261154785,2.693317633096936,2.5100855889443277,2.576276074301155,2.942001376066872,1.930102703169484,1.569175234551546,1.4685362775045532,1.213421064147647,0.9239231395123473,0.8891687233699975,0.7986572667426256,0.6986364201929768,0.7542310119480149,0.6732782263236468,0.7201125143719486,0.6419607605335359,0.7214529379407094,0.5673602262080556,0.7178442592323744,0.6440244911279602,0.6798548541921344,0.6580556648622203,0.6536221331375994,0.6315624001331464,0.5998172640920278,0.6570242136611824,0.6410135779199462,0.6734341779180457,0.7584766249812792,0.6951349017943605,0.6791659513223838,0.7095063634890681,0.7477073990783563,0.732189150634991,0.7278230375281118,0.6471985082070253,0.6775234368548971,0.6210096068560502,0.6271520974762462,0.7088094556533953,0.6168183507529723,0.7027828412733513,0.6446812127426715,0.5737319220853658,0.6722439610980486,0.7301965605347911,0.6108602874187485,0.5539663243825216,0.58361905448896,0.5956718357674449,0.4901289019406949,0.5424182357316465,0.519368450790334,0.4763585263358084,0.5578588514459812,0.39739418666647974,0.48639245468811254,0.436960944167127,0.5321872912768992,0.5557411451841083,0.5059803693859088,0.46722929726451706,0.46373081585466674,0.43522820305465687,0.353445564081448,0.368347746583328,0.2976749855195523,0.3613526128691016,0.39270417968148574,0.3128116986619867,0.47239129164870236,0.22651431748754383,0.2760062774867752,0.20840073156012096,0.2142546823371317,0.25667464069217083,0.23219095384043836,0.20893774553303573,0.2597983007375674,0.2861485776461024,0.28067383417234837,0.22984526475115075,0.30046882241412437
20-24,6.4984250599902715,7.0206658900616015,7.034272678581054,7.376939709775109,7.538630580268501,7.418133753070615,7.867853687568488,8.074234450133504,7.137254488193864,7.008432950041327,6.585794075931822,7.229549088905227,7.383667543201006,7.689915635903111,7.816442532242062,7.690889197991177,7.6425735198492015,7.432067062872724,7.352556384044777,6.800504016598229,7.508899523213707,7.865359871233434,7.723815652758419,7.174491278837246,6.810824194133676,7.312346274538546,7.368877706326517,7.773692611143923,8.311563233295958,8.103239729987067,8.134990402404368,7.367962655950371,7.522899682627856,7.1711015311431545,7.567837201562527,7.6957557891559505,7.638951783411045,7.4700457794462345,7.5277933214103845,7.797839794245062,7.412619679888823,7.78987857205424,7.889901069054193,8.330195098535185,8.79504379397196,9.043738887284823,8.496776977129377,9.030229947583399,8.083644433600513,8.434252712224412,7.34823261367737,8.01367163807619,8.127189971687164,8.752964010975386,8.399254757032466,7.765013736666373,7.669724027617486,8.453436159655618,7.615320476585677,8.380399544150665,7.805707189359295,8.242967906029072,7.7268324765376715,7.049745669917743,6.832621821225345,7.352332676434788,7.376119963683758,6.816163188726884,7.321248573545595,7.53443072481553,7.733963335823465,7.492648878933224,16.316528962326387,7.982886864048232,7.4252456823276605,6.298734094053978,6.494615613961503,5.707915722997614,6.201863189122367,6.082042788912217,5.331950897483478,5.257691747301997,4.916362098501263,4.975650321398672,4.6952426651461385,4.318475738574001,4.06092722816683,3.7601579846326496,3.427427959914993,3.16208417603756,3.4349640219798765,3.133978024999373,2.767539456114461,2.5727230086507853,4.128791662999512,3.5309428230336097,4.235139008299709,4.047131024355207,4.229089336445478,3.1294610912071823,2.1101009055547193,1.982973988996418,1.6587814956759457,1.363999005964675,1.2426416092588537,1.2316725045601522,1.0927994843184021,0.8799451134809843,0.8789185294974746,0.8391802268437164,0.8317935346927368,0.8707832384776952,0.9337220963928509,0.8475852075684431,0.8234405217334511,0.8919539383659828,0.8469147240875767,0.7082419862970841,0.7254626486674307,0.7502291422524716,0.6822872666207523,0.6705000626530083,0.7700286916790938,0.8007933446954894,0.7512866140643205,0.75362379029231,0.8018885258605181,0.690988326250537,0.7984769053031342,0.7604438765579905,0.7436505294458695,0.7206317119401777,0.7887058362868689,0.7384507832571329,0.8120870369225707,0.7543974083955948,0.7540520426654943,0.7457489645630746,0.730273516258425,0.7534737673359118,0.7793599405575031,0.8123434584491341,0.7388117260683644,0.7053937267240361,0.574248886156964,0.6354377139944141,0.681101101879732,0.5590223912084133,0.5515589371501943,0.6053447825458006,0.5394407069038777,0.5455865877545399,0.7456782741605831,0.7032867859303714,0.7140643289367229,0.8210810404067482,0.6866461960878187,0.6229347073354388,0.706941627788062,0.6997915933161155,0.5786894918198442,0.5621215063347892,0.6057542163597665,0.5103092303833046,0.5857355345168028,0.528954085555248,0.41630933353823507,0.4196950378457799,0.393010892253211,0.3784873717251708,0.3463825504017565,0.4109728707189524,0.3655616585830748,0.45725380399991566,0.3376693516317052,0.33520076746143856,0.33835283253720605,0.3923660189103049
25-29,6.62475414454777,7.073753320306241,6.986418166741852,7.2512683351376594,7.365081052906267,7.461161640102159,7.8058120947237555,8.199610294735958,7.037797795682317,6.835318859085593,6.412678266809031,7.112222609278318,7.108473445830684,7.441498654254279,7.375180027161016,7.17178355154932,7.201192089453454,7.166409193099265,7.271411870173582,7.001079019347068,8.480123907360422,8.758633294231574,8.798997972008868,8.417664391518468,7.239506981816466,8.035196154985002,7.608506535894201,7.957932582300304,8.71501401239088,8.543662357549376,8.94100809231236,7.753931685393855,7.495423026699112,7.439959941249395,7.8297862434640715,7.902952296527031,7.854672904507831,7.930035551531342,7.190252135135401,8.190566469801945,7.995940125884469,7.919434879551115,8.114998403423234,8.446560503693522,9.096113099682062,8.584604540904385,8.36660637822336,8.563621162081235,8.127857370412245,8.396375329191802,7.7878530237149795,8.03146733191723,7.820542845954737,8.871760787666743,7.945563066784313,7.57895252313174,7.1756074302982675,7.819643863903417,7.69704337111756,7.907734421195282,7.590784631716747,8.13466188926731,7.248848507159549,6.678576162911808,6.800709176575891,7.186012362281181,6.870817909552291,7.07674025359769,7.23135934103247,6.9060518223987515,7.136334334041469,7.158507757001083,17.57260640774008,8.434510817292082,6.881128179014758,5.769805193460412,5.918159504019749,5.405706196206083,5.753968745605104,5.534757921510326,5.483083083827596,5.114838449541305,5.245250251115817,5.293584425250057,4.949200105507052,4.671570884692052,4.463838499420918,4.128548265026435,3.660423137306403,3.464553037597703,3.5635667077807893,3.445024282528259,3.105758153946753,2.859534097111551,4.093460688999587,3.5037080433819643,4.08082307533854,3.8403527844076577,4.0929039119799775,3.1647462517559712,2.2566428323244887,2.0592954260437697,1.8750682552989015,1.4415895923019775,1.233909981842669,1.304821444753976,1.270837611032614,1.0260719303262062,1.0156031203936478,0.9696590839907366,0.8606381939846318,0.9772025701748756,0.9288865031390763,0.9408332808776672,0.9117545702187777,0.8010090469124977,0.8541065597750592,0.8299204027172156,0.7834699801502545,0.8442368803758795,0.806584834127624,0.7742218452476981,0.7157735336192008,0.822744124214617,0.6943399307891451,0.7683526399231153,0.73444292015895,0.7793305750851701,0.701203108711636,0.7967071128838945,0.7364685766024827,0.6568669561304177,0.658737100928727,0.7442633914402367,0.7662296808837816,0.6237157089430317,0.6813369600695209,0.6986173011447826,0.6295332168866818,0.7423571452067215,0.6784717117460446,0.7452627089267567,0.7049563056372732,0.6043202321090682,0.7796265273370938,0.6693612106456304,0.7074582384469947,0.6107350582930385,0.619244046637159,0.5747185656882275,0.7056544782888933,0.6818842641918036,0.6882192531825381,0.7018273234164537,0.7887316932480366,0.7226649566087975,0.7252399690125912,0.6728113438657175,0.7178798206447901,0.6095544614052973,0.6240425280822605,0.6529733260054456,0.6192880572872727,0.627264886013819,0.6450111691746582,0.5387296697678488,0.4614825481417314,0.47183547292915196,0.46047733137730235,0.4804123323186391,0.4364987827575947,0.40776345981948825,0.43896922055547977,0.4255239957694297,0.4622856437408648,0.38221427046666645,0.4677424798090936,0.412032576488223
30-34,7.879029522556995,8.185431764272236,8.608880945303076,8.295439241173268,7.890787125182634,7.832885677080205,8.374604719843989,10.426326816436744,7.952138925170651,7.867783904179175,7.76846244527936,8.385213636511939,7.566314680025382,8.291695621455546,7.5097182965021085,7.942349784127863,7.7143229175879915,7.747570389110432,7.97640669559573,7.62180857108991,7.972537331874768,7.994435308297103,8.039452038067388,7.86656767179456,8.24594976262735,7.7124224589201775,7.855714215936061,8.059667086902843,9.02946933163776,8.638579716289525,8.812080124018506,8.047127477257899,7.204740486968194,7.26557380572183,8.195602561494454,7.775060202638068,8.154250120362587,8.01957179119053,7.529450247640198,8.303587298550859,7.608887741906528,7.705245954492412,7.822085690193541,8.389292833864484,8.770538040363364,8.845993607561532,8.850550013113326,8.700905132841775,8.240745591418074,7.75796945115233,7.682577526663238,7.589162871269192,7.3024116975690605,8.45330009599753,7.948271154646826,7.254727884636157,7.284066380052699,7.821990595546301,7.636919843031603,7.7309553238666515,7.451354003464039,7.4240292134860875,7.119366485628063,6.7170516621237715,6.537017804513701,6.240311599559204,6.532667624061686,6.7591787875364355,6.234001279764698,6.718580491245064,6.874020839524073,6.771833929106023,15.008127782238022,7.9569751946613945,6.533849131542867,5.424370718437082,5.742874214140766,5.664504512069885,5.211402843665275,4.796229615828528,4.5529711886661275,4.790454869591792,4.8157360708173655,4.909198218572309,4.894129080797464,4.418977252625213,4.146864614069735,4.153222794569701,4.03863628714704,3.790710549761272,3.5585469983871176,3.635772477171666,3.428360909750891,2.9856730346807248,3.9823098867332813,3.489170315234084,3.9580423255823356,3.7703342611449426,3.906218920378557,3.0553806051376142,2.4792912751493232,2.1405692281376885,1.9408352045440667,1.6542113708034616,1.3978885721068857,1.5163839262852286,1.287039460187832,1.3126353119110503,1.1470188533834398,1.1845450088941005,1.0634761139101259,1.1021742196475073,1.021106351992936,1.1188591566675934,1.083817670886548,1.1279781851737005,1.0417860379835189,0.9492657015530412,1.0363880845760174,0.9914636725962189,0.9093644190055314,0.9695062797047392,0.9544332568193333,1.0345924415646583,1.0183214930762234,1.0604631862729796,1.004405094792122,0.9516344366337602,0.9302849127278839,0.7601664863327989,0.9139522688883991,0.8268293920907323,0.8105029842945468,0.7782789725284641,0.8852692582817043,0.7348775753327333,0.7266896614843874,0.8221271645909435,0.7910736040511398,0.8517087029134891,0.8132589593434673,0.8660776465135726,0.8353598616553356,0.923537901601481,0.8918143761800982,0.8550858010762469,0.906787641520119,0.8509513902465266,0.747987494642268,0.8162111642830397,0.7726786245865787,0.7684656911546436,0.8618617080579148,0.7550790434761643,0.8337602790440183,0.8022048914357914,0.8152240911842065,0.7534068974287307,0.6680047293793621,0.6635294013564015,0.6924672955975788,0.5722316823331498,0.600865511503817,0.6400660849407227,0.5892034793217628,0.6958514388723273,0.5675964396116916,0.5620494618908872,0.5621664157647075,0.5083777055638895,0.577658676981685,0.4690834143789627,0.4976015879904189,0.479435248030679,0.47535289095979794,0.416818262600403,0.4451361280002751,0.5583144965348501
35-39,8.95062460788979,9.84928778643735,10.67572868368101,10.784366658421439,10.31775692782177,9.716405738385742,10.047559201345406,12.325212253796039,9.10417780603766,8.81670106234312,8.845216958525778,9.474499017441817,8.483814069160422,9.19027307883628,8.455209252087629,8.544341667379898,8.034659061531027,7.916757020958753,7.8033222663337805,7.332813638621763,9.446348208724249,9.815129318082162,9.326908542677355,9.680887112234007,8.779715729642486,9.073814182112315,8.739711920034413,8.70117642052439,9.563506937994163,9.978769078559951,10.177592282075766,8.806567620750362,7.7016990225582465,8.541900076707714,8.374852346249893,8.702987636865064,8.884094686295516,8.550090834133316,8.099743507242076,8.679187756132118,8.13668104463587,8.203190382473863,8.357579179818002,8.668297797972736,9.311393588300135,8.92323021959608,8.769049477322152,9.313141426741094,8.53445451013161,7.879044125350903,7.907864931440378,8.121107338653374,8.095097981326866,8.75457647830015,8.437676313032398,7.828398968056738,7.579681450107597,7.879403522849796,7.575016496543854,7.682282115510051,7.528730252217746,7.966063275153007,7.190649505327792,7.335412559538708,7.33507492385948,6.977392726864012,6.944590457742881,7.068665763294726,6.870192647016385,6.998494584265693,7.199473873216583,7.309780789978798,12.015937840851587,7.475276361240644,6.34917605786305,5.485374937799183,5.722949334102197,5.5306151498311955,5.809492379728331,5.122386096342058,4.9355023396859785,5.2122508461827755,4.783814438070734,5.295182883738195,4.946231034151711,4.774629093350519,4.512383446648937,4.1124537654085,4.058088273540841,4.112409027262601,3.9883566917359214,3.9022638126491453,3.9236660279924824,3.4271581273499256,4.232784335603642,3.9344496571312457,4.54673239580036,4.271588892992205,4.168798577183258,3.3529544047226993,2.7768820506574485,2.469092654706335,2.261339188836231,1.8203190345669362,1.785250713900593,1.96257544147975,1.7381820204950678,1.5250042899376821,1.522072479156787,1.6309340766703473,1.361055182554544,1.4509136089386554,1.3997068538475905,1.3838989030031095,1.531945443225656,1.4959179914315088,1.617352677062189,1.4540658894740848,1.4654883786206607,1.4661832992365504,1.3285309332818145,1.442151953517136,1.3816283677527068,1.3883498577112494,1.4458706860368233,1.553488062461865,1.3920488099770487,1.4131239503106423,1.2986621963771914,1.2216442988828824,1.2577317053610517,1.2904657085758526,1.2026887012973226,1.2011005115044566,1.2125246172238773,1.1579308407474482,1.1849071589795,1.0893149291964634,1.1090326584758585,1.1887337053617881,1.155182810879774,1.105835828395809,1.1520134889972478,1.175739637664554,1.2696890335717859,1.263308763970305,1.015439349118892,1.1075439451381754,0.9822784995041067,1.054463113985862,1.0426181093041689,0.939940879598555,1.1024303887614881,1.0013147725108347,1.1771379732964606,1.0811071535197105,1.0129113503780918,0.9254015157674479,0.927461587914599,0.9605949891657803,0.8445003355770292,0.7704319737250549,0.8077220671984213,0.8194125703258762,0.6811963046663873,0.7543321976160503,0.7436038189968265,0.7558516801550821,0.7301247485304341,0.5926855537158946,0.683226057713027,0.5872121260915992,0.6891336382759174,0.6159269614596701,0.6281880108416011,0.6272966586654886,0.5813880330854009,0.7221493479721501
40-44,10.340986002820031,11.348389004867798,10.98947819449983,11.02681878334549,10.602729076880497,10.188954875210236,10.885964161006433,14.145558638111725,10.267068175329273,10.615610691573957,9.932815320866881,10.210222393519551,9.846457171199907,9.709412450644827,9.602135119448855,8.945719564471254,8.85773493501594,9.688516090521833,9.68883456014451,9.765140930620053,10.040972978579948,10.295898874449907,10.306678165504897,9.658099301988253,9.606995432162325,9.781740425148376,9.150143530451503,9.437973066211153,9.736950628551897,10.713289137830236,10.618043298169123,9.559731568132099,8.773692492777753,8.66745956494767,9.581143698536119,9.721739178061185,8.967828973392288,9.26212091634536,8.873054433465743,9.093609180364064,8.533825780601381,8.51235807474204,8.591763294359245,8.830540280972283,9.806867124974257,10.151820001999942,10.096195934179251,10.084465616688176,9.029121341503568,8.64934084263476,8.411527708886299,8.504739228007061,8.65845485077668,9.683387117707488,8.778966633420598,8.747657395821074,8.381975519023053,8.070030013754137,8.358504445132269,8.299214812479496,7.882474035761124,8.172935813762972,7.642315236624694,7.761145423321024,7.734611213268588,7.343752684979426,7.8767620252141315,7.583577517314864,7.907166123778501,8.005982429926544,7.527222188314043,7.461379227909195,10.320379064891796,7.642161947192768,7.102373069662684,6.18850724420211,6.262659556935444,6.182212289813624,5.983328390646225,5.958929066428635,5.775717870467531,6.0060726508184334,5.991616058298579,5.976374666047917,5.401480823095706,5.504207007659506,4.977501475665815,4.722706119411965,4.894841495384575,4.852140691979519,4.667544945798929,4.431950794759316,4.503092232774561,4.332588959863013,4.738587327134573,4.7507295984102225,4.9164561339756805,4.672408113068926,4.927097881396714,4.132653823049366,3.5796923914522933,3.264721305060354,3.1523350779696564,2.728337384972835,2.522746585206769,2.332996741538722,2.4342676189890136,2.291766970010287,2.2698474361503713,2.2327765536235136,2.028838232103775,2.1903898942196274,2.175535800537298,2.332638756387868,1.9945669296285118,2.236818752134402,2.1363149952359604,2.2264822758095333,2.1180840239198995,2.338481816531125,2.088477686388023,2.136099928114161,2.3094500943691174,2.289325281248013,2.3056255051451773,2.169036976502926,2.0502112138154005,2.0130201472917983,2.0882644011995186,2.066639118191016,1.7268376425542464,1.9228794040387034,1.8998584850988542,1.999759321002074,1.8312073382659988,1.868163418654315,1.9133830666347116,1.7405479028916393,1.7208140616949197,1.9125183990803438,1.7940324802848384,1.8875486466614473,1.825700647881865,1.7983683969099458,1.8151506921948866,1.6282329675730003,1.606900676272643,1.7582914306802493,1.670866637740062,1.523496417740102,1.5120644965258738,1.5971840495234384,1.6393240545897452,1.4417415532832423,1.5530869573477315,1.456218782309854,1.3540037923337553,1.437756559369229,1.3069015738102614,1.2747034054469915,1.107962519985316,1.1178663595953082,1.1768409679002572,1.1443018553864324,1.0953792066910437,1.0310799811702718,0.9981804575450329,1.0811428443023932,0.9188629132705805,0.9452084163075949,0.8973649613904489,0.8247413488533308,0.8925622785329846,0.8635688339098061,0.9015212371928915,0.846025095914869,0.9627314208126223,0.9882669944307823
45-49,12.022289672649148,13.486485600863137,13.672082275714638,13.513166574605977,12.60507499711807,11.222315437389744,11.56746702760064,14.450843540258468,10.862293389180975,11.802961501668783,11.494364632187265,12.506916332890546,12.595140935850173,13.094277164917774,13.162611776503883,11.552328106338512,10.860227957093919,11.461411394351213,10.720425750552675,10.185373803218578,10.520511161758641,11.766390622492219,11.801286681450161,11.137991124857507,11.749243720329478,11.819547321382533,10.346431408960106,10.98442361440417,11.739897348841527,12.567400732306979,12.285286870125951,10.680126948364943,9.623396091584702,10.172210503200262,10.904423509472947,10.542635658914728,10.279080637256504,10.880360763838322,9.874465521539529,9.746314345026565,9.019931927222236,9.844095590589884,10.109830496774796,9.850306645300856,11.371609661188357,10.806533167046883,10.745966101638516,9.520256192343016,10.212442052848859,9.922900366371191,9.192633767043226,9.128340231980747,9.313801591419878,10.065767206485374,10.14452602894546,9.170284147334959,8.880270183968431,9.364574739115161,9.526007650608236,9.41931122012861,9.100817075796488,9.20205049970693,8.541592000749596,8.537337195017782,8.441031395153265,8.052801628027215,8.91535485539129,8.818764579532777,8.777869404868387,8.69488223835665,9.256882728663207,8.469496552752451,10.981754143561744,9.416153673656568,7.809150583674733,7.60639979380683,7.918142828266096,7.7862781454063015,7.442273467984853,7.165566671257338,7.80660486665,7.4270880399914665,6.948044127257801,7.192087599994849,6.7216115698092995,6.570473047067175,6.684314329964429,6.002318332193602,6.045593298254781,6.400323341094521,6.238307301179789,5.9373244603761455,5.383000645005751,5.508604688295085,6.128645717586259,5.915578911679946,6.245483861786093,5.984871606067242,6.066746601529493,5.213895544346052,4.5462549207272245,4.657928579888259,4.260115719695149,4.003195452033445,3.9936309823710316,3.764354106912636,3.6435023093118195,3.6205784082190386,3.380939577595171,3.2725962813149154,3.279295719857613,3.471432605869704,3.465542675658861,3.30485024445777,3.140488895780175,3.2727596486542083,3.3047881408716684,3.328379770237329,3.3108392603997507,3.3934812760830235,3.447907285948497,3.411952797915413,3.48181417332217,3.7574732448857864,3.619639288736764,3.451300528265827,3.5388635202840377,3.3097055573815837,3.5484992808834868,3.3782846690020096,3.1965622913256593,3.4167597297620085,3.433937878903003,3.2393567397088243,3.199610908197724,3.1794160117583057,3.0427995018863516,3.053722017335745,3.13526874856471,3.049694069492395,3.235110488981121,3.0014272352810782,3.2433234167708282,2.864774978756477,2.8268006810427497,2.7033399654782753,2.7257625982867695,2.5821159446542077,2.6388116025271726,2.7110434787190267,2.5074694877016412,2.4510930950263026,2.307002654644089,2.4560133633606895,2.2693001515240945,2.307656955287814,2.0468494975946956,2.085193879987846,2.0233699912679106,2.0459646866495085,2.063851881703643,1.9851597040788602,1.8014772297298665,1.7822131323311077,1.7579809231592152,1.8516004710379448,1.6270774662664569,1.5901138022677228,1.5557071358938224,1.4482531932782698,1.4270175972355716,1.3579061361067741,1.3377375472994693,1.2830958706482745,1.4086707045500906,1.3212144060226976,1.3978521476865602,1.3628963366214024
50-54,14.919852622090156,17.234338325983924,18.31097160455524,18.07480729680472,16.1685950016277,15.233712807231724,15.840445749400695,17.289415491806995,14.443878071159139,14.70800831176889,13.678709295495434,13.62963523919328,12.963751295170319,12.961066638857988,13.109639096058904,13.826088381657227,13.659635548999866,14.376668720476484,14.257178376800738,13.09874941501135,14.606565394479931,15.545483408230973,14.78496096600215,14.099335012460187,13.683735303655567,14.227097103609037,13.334130516928965,14.099140032461872,14.345687799817403,15.09461718037439,14.16715382360692,12.929872926728038,11.245145996455966,12.292849672282905,13.611657480400135,13.812639803318143,13.920349766547925,12.826999366195325,12.208652670513192,13.0348398887167,11.926171795697682,12.002491055928134,12.44794779757538,12.076358624284921,13.027648167869362,13.61530388137274,13.204826157830869,12.907058044636395,12.229913667212799,11.734358141790828,10.890424545219624,11.849832907111198,11.09988626833857,12.46368027241839,12.204493208826865,12.0873335567204,11.280452461962716,11.772531060706617,11.53435413346411,11.646925945494006,11.019829496000478,11.630945498408524,11.313671153485524,10.776030269447293,11.48602338678221,10.459667183582933,10.91361945825132,10.847348865568561,10.710255482291153,11.075616053996885,10.694594097577534,10.818564180994944,12.550291496985414,11.338203559008237,9.731691398670808,9.96864760779775,10.157875323165483,9.72142578742193,10.03590290045915,9.583824159579635,9.291356362404713,9.834440323706573,9.340781439468358,9.922195232297813,9.193403188361245,9.063432747909252,8.962978334690094,8.108589060306837,8.480632806633658,8.212787242233798,8.368721371082215,8.514885971634245,8.360981194803399,7.822819523080492,8.719783538481085,8.470739037446466,8.27452397709764,7.941674765719057,7.956734123833659,6.882548599356519,6.393209008851425,6.217033040371493,6.143974895201985,6.33385242129031,5.983769708092274,5.799815471736172,5.619470723399679,5.491854298561813,5.54935205381879,5.520701442651458,5.4393345218928095,5.22949320135507,5.520579545165328,5.208561079773202,4.901470000847307,5.288266392767903,5.552058934608714,5.488945293951415,5.35665499526408,5.548677572870394,5.371193817134957,5.561934775921238,5.420170569690833,5.562137153745076,5.566008392863517,5.38071925534511,5.303873826070683,5.64678259686035,5.522745758356462,5.541658190522808,5.61384550032307,5.594793594465696,5.181284452516443,5.578813230146489,5.151775777628224,5.209784685419147,5.0826203613540155,5.3721957347923075,4.739060764375254,5.133480596712468,4.90263484186663,5.083844282922155,4.8438469334450085,4.594244925180406,4.1381307015159745,4.370547937874396,4.196119075984206,4.095289718867606,4.095209495153605,3.8988358214464918,4.055917782315783,3.866900451864009,4.090336407592993,3.9897661195189196,3.7805382297382195,3.624685296475596,3.6357781865963723,3.3134410491502484,3.4005518135216057,3.2658272525194563,3.1842904834524406,3.1038789475583015,3.098536579042836,3.1527254032979597,3.0063411273691636,2.7974642416464532,2.809821893319269,2.7457114164154155,2.7384982772083317,2.466537262145991,2.4783570609962773,2.3083849747672405,2.188235196602709,2.172572845177048,2.0610834725922618,2.0097276133224526,2.321708819808546,2.135801258667466
55-59,20.802122471677073,23.014656401998774,23.62818975612011,22.303874504273473,19.943748401943235,19.808313244957876,20.92925249502285,23.142473686979432,19.64040895550149,20.04450325983496,19.259884570064376,19.164111003268125,18.008446686848785,17.806184495465047,17.754865442789484,17.11729441326894,16.75754855925888,17.542799910441293,18.07468524097242,17.562643904210958,19.852893817197565,21.980059766566008,21.384182646791253,21.42783379326086,20.657448951561214,19.76939786953026,17.348781854360848,17.031458934478145,18.473918687035724,20.419731948506836,18.957992445545905,16.851048487912312,14.782173600070026,15.523709463769265,16.778164046371874,17.44191298496283,16.540057275431806,15.870929525867318,15.842470259931831,15.463016330691069,15.611020277466713,15.857326349062042,16.96157736212049,16.42292134095413,17.05006411766245,17.25292527939774,16.853180833536136,16.005363604394738,15.321932164954697,15.403237264307666,14.724796326945874,14.640877246672558,15.157094186991657,15.462636997066939,16.005677169988527,15.039363009606246,14.113484619962849,14.606260818949696,14.268723687012313,15.281767297536009,13.50341028102356,15.428547339206203,14.282173626900173,14.117410915903275,14.62668198674559,14.942562053615026,14.836236680872348,15.033241612012782,14.562277887770552,14.617240875267557,14.23323928241765,15.205824480597627,16.219696981414373,14.547723365428409,13.573386712744243,12.754248525670775,13.419460580286135,13.642908741836798,13.43277941774836,13.120884791060847,13.54205977488839,12.9352577400194,12.911357136132843,13.573757114342506,11.820236958727078,13.271202738382982,11.87578037868436,11.848054339068103,12.186456044629221,11.872273666056621,12.108583693295701,12.167243356267644,11.247698934887644,11.50119735396315,12.003633988186731,11.220530518006713,10.991549394127368,11.079142151988536,11.008165433770754,9.587389792220074,9.102795948069959,9.114774677720966,9.07296563125523,9.272124717262951,9.054734840404533,8.68809883468676,8.81492535600386,8.737513577991425,8.585470435531828,8.749034381371692,8.407037473542971,8.533630545851496,8.680711699109144,8.636661669156492,8.647711530355178,8.738879976222062,8.853115832600972,9.41487340192643,8.55181735433316,8.780809477258398,8.819318213431051,8.603314714441982,8.76160082062339,9.237131233776102,9.039352821422383,8.753241512515123,8.824703698254483,8.831320117452066,8.573114729312346,8.574169944012738,8.597378069884119,8.588178948647592,8.539589180729873,8.40508962630626,8.260540666258365,8.458885520674752,8.235817862248291,8.258793853183477,8.17520209218488,8.009248589614616,8.04942247594367,8.188230646679994,7.953735442133106,7.831637977149602,7.5215405142827905,7.347853306533988,7.421222220868662,6.685359736193513,6.613114163574443,6.553332101943883,6.245531600922011,6.199108057746514,5.991500020776212,5.59745296772377,5.8652148910542925,5.504304113185028,5.762233849256258,5.492707605896766,5.313466440072767,5.1879809981150995,5.044622390521191,4.894711610799038,4.683784060711937,4.762892981196779,4.794637553366877,4.784224512019045,4.377904632269373,4.636549679129467,4.131635631404075,4.102226732250504,3.983115606642995,3.8463180987421914,3.8377485142849768,3.5819565517807916,3.4214062885178995,3.52472390075111,3.58830033111959,3.4003464068119342
60-64,29.379708798163232,33.63754841876312,36.91430492005549,31.616554039097785,29.588201296927664,29.01967251293827,29.171223018453635,31.457015707086665,27.43830214768506,29.761310960808174,26.624048122617445,28.27655353659045,26.355642640706623,26.515789698119253,26.705822157360686,25.08680032913882,25.054349591490784,25.492915529950874,27.783841719942927,24.83752962487525,25.951144364872878,27.82695990145659,26.966388876835552,27.129292952514266,27.027074286968293,28.12893674836587,26.747972174974507,27.03007554268157,26.255058419066547,28.56887067413383,26.728408153464013,22.805362434678603,22.177498970456327,22.192587424468545,24.475986004366767,24.629904700857416,24.648429197406028,24.28953656740122,22.26793276843522,23.71847962078627,21.869128795617666,22.076386093522295,23.435126922394318,21.724154727195554,24.489682952259237,25.065108059731415,25.453365186747785,22.376380325673146,22.614582976044236,21.476011805974924,20.460443661263163,21.805969699022125,20.795430996108344,22.244631628900223,22.130442296308004,20.617334400196125,21.722705812541964,21.587067516640715,20.26054306696454,20.9979164406402,19.64416463884912,20.63595155037462,20.717577225377937,20.069613187101858,20.49555842923704,20.528985603221066,21.698208598324534,20.35536052583121,20.35049081490179,20.40421435895042,20.664313079967506,20.470089310028726,22.358027379284284,20.357642981085384,19.715092426610678,19.879326560455894,20.67860428698829,19.290689278298956,19.748935022746476,19.159363693153054,19.217255848362683,19.601241517176074,19.326501486822924,20.255716483633083,18.69994081377956,18.214539166816007,18.845730287313692,17.743685565714017,17.72198760835762,18.259222132628125,17.62760077967867,18.366660940120912,17.654589767333402,17.80339837443876,17.70799982322667,17.429030467596974,17.427595831597298,15.158109588629916,16.13458789976946,14.717317449398916,14.432491783855983,14.852721357039782,13.853690006575102,14.238415769020815,14.819578402840433,13.209266007287871,13.659037673008305,13.280028035158617,13.693293116959241,13.533778693066246,13.678732935891333,13.913492360173441,13.986433072812668,14.372273688605,14.262233035302925,14.706678795608905,14.565861141544968,14.689892088603457,14.748510224855263,14.594864777876905,14.404198177459516,14.313543886372578,14.590439389413412,15.158418556555729,14.247259898554224,14.06852028766779,13.982698020816368,13.854964850819528,13.90805583631571,13.965000421173954,14.176111307560692,13.012126874874943,13.519382413496482,13.71702710988687,13.578506248291015,13.078233104655304,13.171927062402338,12.993998053392527,12.834801610711201,13.073130489995064,12.995986250030247,13.088442891008299,12.836066198471848,12.80810970279688,12.406205637801662,11.751918695048005,11.658957397931106,12.02572189087767,11.100469434307044,10.810998344216143,10.355693753159436,10.326037131438408,9.976725537143137,9.954961861651277,9.123067080437997,9.357312951059145,9.175874305584587,8.596616397374092,8.134837576294144,8.179735595667195,8.33651397090918,8.029647155522415,7.978380023259058,7.765250607070035,7.7673416338271215,7.394719326475959,7.496284415570389,7.184808724035534,6.761420432215851,6.5903685344463,6.586968154779573,6.10831202624163,6.1726491969423165,6.100035742806,5.65316154249226,5.704406547704759,5.882276798840098,5.52485233968864
65-69,39.69560441624722,45.15437424709004,50.81969866850043,45.15649624784629,43.1176994999124,43.58872969804927,44.512078222235644,47.38938550253287,40.52665532847303,43.11874210337516,41.39140490188055,42.29836860381314,38.26889440268143,38.34828718970485,39.2690539314111,39.81447605300656,39.87585409009121,39.84479445006395,41.69504625219658,35.67427219860931,40.29563234658175,45.93047629068814,42.717561884698014,43.32366849861246,43.62021077534439,40.22278428607469,38.85763067232553,37.35015785514401,39.43131004458319,44.422239839960056,39.78755955345144,36.78299540212557,34.19715984485917,33.25361478889291,36.687528232025876,37.21904712667423,36.766962650946695,34.4394054036657,34.11495160456971,34.82542250236218,35.07116952051314,32.2223316135717,35.36714036503084,33.705429246491576,33.64552956622405,35.06733945620213,36.99503524114063,33.36381265090834,32.13718440952344,32.44155289278894,30.306519161011824,31.26051917298045,32.81524742994056,34.70876178586681,33.360700379616155,30.103581156851675,30.610888691186275,32.96851790114081,32.694060012669844,32.41297043157577,29.81331602991854,32.810189256079035,31.84644320416169,30.69195067829536,30.68761968800684,29.242860650154473,30.802029799347338,31.310024104864326,31.75268226802224,32.0883998515727,31.40123878338642,31.876451862686054,32.67491798835323,31.36793932449968,29.780966789890925,28.726098299101505,31.37224680872003,30.302412791732465,28.77047495468407,30.09526340441621,29.358394399179303,30.67897058231162,30.291241599671864,28.22846629658368,28.52355983366623,30.025196178829805,28.247556350533348,27.92716142277655,28.0260443425071,29.91744548750659,28.717126657118257,27.720332177563716,28.114680201714897,27.344419922122103,28.915983496833444,26.93847772360921,25.35705284575988,25.362034320163943,24.294080045980625,23.467281744665975,24.168778315288336,24.591358647393765,22.084657725229672,23.623159440684244,24.178167384014174,21.709489876010792,22.014294601588,22.573331017860003,22.875666832287706,22.22401695913198,22.154764150737766,22.404295012409797,22.583275316416863,23.573914715901267,23.463982728149134,22.690831404836775,23.940596001431082,24.934674644238854,24.192435008898798,23.292995293726463,23.87372322743127,24.355206259161815,24.07516492621638,25.110832687237618,24.132995581202504,22.760053056801418,23.401101902797134,22.474209868660505,21.95517247479455,22.259398936428937,21.77206064614097,21.590890406980293,21.452666636466883,21.857236129132207,21.708455456730107,21.320621072728407,20.99053232930601,20.576036683011246,20.256565698314734,19.95753407781554,20.08214781422246,20.72677690625696,19.572023494250278,19.83279932270084,19.623910848104543,19.552602634181753,18.27139581953049,19.07807446720292,18.309259523445437,18.574246512554257,16.871998296801003,16.491454103743447,16.119500142303174,16.61291590180591,15.194536473831775,14.969563211974576,15.319217654375224,14.431702015822326,13.535059832693461,13.075725844849455,12.539598215829484,13.065173803404914,12.780273597991206,12.398847974911714,12.495421877022903,11.752495701621903,11.754820652050146,11.764730248530574,11.173541979496878,10.558955993534118,11.076540412972735,10.641164114703447,10.145009798098162,9.673287100861465,9.591339203182601,9.475048895799757,10.066714481816398,9.662588799552381
70-74,59.980918987884486,69.59600368592075,71.56063252235825,63.89700315731753,60.75167825655687,62.463037616177175,62.945132991215,65.38875715357023,58.79906716970325,67.5132823636128,64.80108535904851,64.12355711888735,55.93397830660889,53.472363912833835,55.550753784450144,56.19103925147161,56.141360584192874,59.08102245743806,62.65668124403202,58.22651247201226,62.441037560252965,69.4530778138775,63.80331006068197,60.89233393064607,59.25945644112683,58.21662315536841,58.109701014137144,57.71762381464899,62.07523727307543,66.98488337809086,57.88195916124795,55.46594755580271,53.99952279491483,51.778892998688505,52.09069561570065,58.42037157303667,53.33066207512661,54.493977497048746,49.42598879451408,53.47036591118554,50.18747741359115,49.887126454452904,52.759163525091466,51.82950787960853,51.96895720956016,54.38848266157344,59.89370050139976,50.94823224458906,50.370952888465794,49.69218983327556,46.83807460962153,48.69907978392659,49.54921332683264,52.55188084748785,52.16717461629997,49.16930751921284,45.79428404164585,50.17008834634289,50.13912331163984,48.34538919076602,45.504372188858454,51.08001984011894,48.97809340243004,49.65105651241877,49.21171092326007,47.9180316786235,49.17239141151995,48.15291276877928,49.57963343273477,51.021878433385005,50.76659153326,49.37148415541246,51.0685634320591,48.51953313102248,47.31320446593968,44.5199992377075,49.91622566778984,48.74767121906145,46.624949149460704,46.25628730746548,45.65047600685941,46.87899425361355,46.44545796877499,48.60744503646448,45.25242469470052,47.81141654284299,46.898803889540034,44.707118529947756,44.45792890522014,45.846446904033236,45.810875878461296,47.432842364288184,44.76816029079022,47.007707252206835,45.7017920024756,43.7540554655246,42.553686698586844,38.55359599469303,40.02564909052564,36.56398318787668,38.45412559512042,39.99115028372908,39.58318926974665,41.10231210018673,40.19407228021509,38.10138822405202,39.32920859093531,38.375982616842116,38.55963847180092,36.553872115060656,38.71136593946727,38.140108137717625,39.21625925980042,38.13860355898658,38.51710802281455,39.39322186093744,40.25560335030905,43.261344092991,39.190911454276296,39.30188701714029,39.73250819250762,38.73096531595893,40.09575314941184,41.144771363296854,40.05826605349095,40.037369605083754,39.04447266793735,38.828471433623115,37.628739622303854,36.783322629139576,36.33393562857744,35.41012553555276,35.55942421252789,35.03784914189828,34.38675278604462,34.628793007428484,33.76525684459864,34.178618680854,33.80779024403555,34.80393298172056,33.197409428850214,33.58046328817973,33.206090096265875,31.731738074355505,33.20544087481983,30.64174521404931,30.509984134932882,31.260288722751813,30.00063018142234,29.654969736935282,28.82426644860474,28.661000137525434,27.11743101615243,27.249078173291487,26.116151844631116,25.225872958079268,25.197791750355247,23.820823338074916,22.50428952459145,22.174768904220862,21.169163151780417,21.106562116901443,20.640725498209285,19.80750936271623,19.787635096612835,19.075073311865093,19.234825417495735,18.61549435445989,17.74648538660747,17.71990430663299,16.982554999456145,17.036231996917067,16.448659487772332,16.810173442531227,16.497867091224236,16.565204466926147,17.195323639688326,16.136263095059327
75-79,102.37076469824999,120.66666862872633,133.39704216528057,126.4955919395466,116.49214659685863,107.9238234238617,109.54044179676774,110.6938000551831,99.53078857511997,119.4819415668721,104.27373280444351,103.0159352558356,92.06508179032213,88.92263210991045,92.5256195631955,93.73499622590136,90.8415917034222,91.67985536350339,93.06904520720072,84.61410063813669,89.62681517722375,104.26334726501305,93.61994997150039,97.48770553382958,99.26521669561693,101.24097837293947,92.83765191636832,88.21937154289749,86.77962243751155,96.40180922162965,93.03198454838896,86.6455284315456,83.24908795217793,82.63675003011993,86.05121453947054,90.43897013657336,84.82834497159665,83.59177368312997,84.37335553032828,82.1376706360732,81.79587178126751,78.40155644209696,85.33026548778439,79.99996684798059,84.56265891638564,86.21678694230292,88.64322918850598,79.79626485568761,80.76886415214494,76.84164397908798,78.77833576661105,80.90809164961257,79.08052623969928,85.4588612455266,87.17813026585151,79.31129476584022,73.97603964809089,79.2475552204584,79.2357915829336,77.38731967983482,76.89901394083645,83.28548382686682,81.64825236438712,79.55081161708743,80.30289836808933,73.5933677082346,77.0990399330825,77.34042084036044,80.4164953701261,84.77029437937162,84.34002683453986,82.96956287747415,78.43687550647829,81.43302673915845,79.74053571297743,73.26955905562534,79.57120344225916,78.49153045373046,74.63733335437735,73.03530665504108,73.42629398679802,76.50201486451667,75.53334847943819,78.39447402689035,72.81293430585256,78.3279318003703,78.83010302901444,75.16491003957081,72.93762575452718,77.79198079983304,77.88041267424846,77.36473092773545,74.08794150870324,77.73429430279818,77.53248015110468,75.5131328909437,69.89930404111277,66.37763638730108,66.90690169014307,64.02814666517818,63.924502244216825,67.16393865772041,66.85742966060198,68.84969338119886,72.16915080686418,63.15772859586752,65.17583107483435,63.867197288202725,66.90034923505425,63.807223993362776,66.20664156232357,65.97347149436125,66.73296605695546,64.8563326768079,66.82400867316755,65.02607598621448,65.95184481519999,73.53568828299565,68.05290545127797,65.21284527672418,65.04584432993589,65.34717659918122,66.81061634445123,67.39383237143595,65.23947965182819,65.19872225051361,63.59991987768797,65.57001343527479,61.946454506847765,62.41850259566015,59.91552207534328,60.24976536301335,60.40169376791347,60.4964684168866,58.00511243237715,56.49140422333706,56.0199795172155,54.942544727274694,53.928853689594106,57.413932926172855,54.407938314494224,54.98251895313696,54.46267559818914,53.57908272610373,54.43180770076696,52.82714443470265,51.508230224354485,52.53373475307387,47.92503830852355,49.769062435577005,46.95918470569487,47.12235058823288,46.86677826516648,46.496228579483585,44.06191430377992,44.729551731073066,44.23730906485716,40.67387533736364,38.43174745163436,38.96734674848619,36.97765209346756,37.673138863624544,37.008953369207404,35.26565287302418,35.11713288657461,34.688539393575816,33.65395461577205,33.04823262094356,31.547844962624847,30.94786757519273,29.87560179987641,29.771563544133972,29.972344728733304,28.63955928661782,27.111172837732344,28.173285005031588,30.229443236544697,28.377977347078648
80-84,124.82301636744633,141.96073771596883,154.83931580955996,151.5435589210672,131.21011510705551,129.89131136249765,132.31963286240028,124.82214680531021,113.36521420579994,133.41533495384155,121.52513082856852,130.67936051578803,120.96995321419854,116.73360107095047,132.13958056112247,134.25419865553093,131.88467489355403,140.61338419944508,145.44214120112827,135.39261736061354,134.51097545135733,156.4122892736201,140.06737736962006,140.70328545058734,139.23354026196668,137.2501805923429,127.10292560308135,130.79212209514915,140.0144658003452,143.78286662270023,134.66951187133228,130.13696484892523,127.71179335121299,128.2810659078179,131.77860212735914,145.75065215298355,136.60302326578883,132.54959254815427,125.18008458565014,132.99219779106292,132.87946304531644,128.73641584903336,140.69190517036228,129.45662100096837,129.81245112838795,135.7204713510279,144.24152327648525,123.76497089860455,130.03640456551943,127.25397508678398,120.147707115183,124.65078644805398,121.18102338915922,138.06968717202528,139.0138677026408,125.59147506507828,119.75301157012736,128.8113554477394,125.31027703241404,132.12769219119104,114.88665788397765,131.89484579954052,126.85984145813572,119.96116181949365,130.58978873239437,118.70214854207653,125.36659216097726,128.4675172194724,126.47607375514589,133.23217185186243,136.02483281036842,136.10831280279814,129.14027073185093,129.03515718806278,123.58868194817765,116.62646942622564,125.71990448096642,129.64543850663023,117.61762071710199,119.52258983324654,119.09506152756981,127.4852732174294,120.26489260514583,129.72216669998002,117.2454384932313,124.95015947057985,120.29548354180797,119.30153902121452,110.99580670649473,122.88835237838296,123.14488131894123,124.3871666991253,121.21132305223585,125.04596411499041,125.66416975558658,126.74551016256503,112.06558131826256,109.36980342483169,109.23326265891575,107.92914988884999,107.5054629781035,117.12130777153868,107.7215173145998,115.67853391764152,119.80993570503873,109.42852835524504,109.92566477586122,109.01848975417217,110.47084741950209,105.9436269522825,109.01117377166806,110.27770231162664,111.51845012592128,108.86055776179022,111.53220384446159,114.39431297477297,113.45316435361816,124.23100579371528,114.18716780996478,112.08700177359572,111.69669588318776,106.59234495985002,111.07008392084846,110.13159200932422,110.0022349009514,108.22285319505643,107.73217427287793,106.88452116400626,103.54893038036433,104.19848838589688,100.59049823804187,96.76115365156903,97.56335018451813,99.18605499656734,95.89826947290466,96.17703193187782,90.90927691510514,90.46358569696082,90.64856714925085,92.36085463621002,88.71679598509782,90.92938914786849,89.15031224894807,88.6152511112544,90.38481369785168,87.92916176293178,85.97216426655523,88.65541499474173,83.35290955323222,83.20812855556474,81.64847531551727,81.9825556713365,80.3868721201964,81.44957527852854,79.09601337013878,77.83652825917804,76.22266436136476,71.81581150924428,71.05707397981357,67.66821501963125,68.09560833757835,68.64932518529656,67.07285282558917,65.52311862081325,64.09564969793757,62.288877961551556,63.02027038099618,60.574082752545685,58.73213196323637,58.289242509239486,56.171509627590005,55.576271442726345,54.794525640278586,53.00758500934751,51.7808416186257,52.14787651402793,54.918754502521416,52.028264245984815
85-89,186.35977244490945,203.422418765622,218.85783405859127,210.95501282993598,186.34756134656942,190.02855751291474,199.33328078826779,190.75580543450536,181.08435355845555,210.20368697531862,206.0967412277811,219.3886680307144,198.33641828361343,188.32879469571395,208.59853084172934,195.30403371462972,187.92579717293202,197.91610150100135,209.78794027728827,201.73403345951888,184.88170745705835,210.43314463796128,197.02098938461498,180.1390178865686,176.46385898468782,210.61937070216925,206.8805141465328,200.7673775318997,212.95476710113496,225.00669344042836,196.87884228157898,190.09159663377042,188.3475408747369,185.9337393301408,207.84494028723947,215.68235421093698,202.98557578961658,196.26156313778182,204.6224109191751,209.03735104947705,209.35571665300532,205.39864645294375,223.884044969849,219.89949465404595,203.48321065742218,217.7484251809749,240.8971139350643,208.0049965028133,209.9705648740831,194.76307806508393,195.99437392835165,195.62505198369792,194.3989453078183,211.26859640429134,227.51938990305428,203.48111009765933,191.5854193630285,204.17236752614016,198.69202602482818,199.37694704049844,188.07857304131858,216.1430617420211,203.35437003565585,195.66128694194092,198.53305559953694,188.86192217903528,198.19979999051674,205.86685821379,201.05585404230177,220.9647985353077,214.81745062106503,217.43504602059102,188.81779083184728,201.79360739926926,201.9149526135447,189.95335500595363,198.9437274893362,202.50370098336708,191.67163054419905,184.38474527764902,182.5691862866584,201.45430824427774,186.58535261736503,207.37984224063692,180.4389863157446,202.26877687311318,205.83502594625762,189.3660015604256,189.30541679336258,198.8512697517408,201.4091067816936,195.69647078001466,192.48989338036418,208.32228209824729,194.87788742739855,195.3307538458663,181.74196787892163,185.46421042984144,180.70532081752273,176.73610570327025,175.92948830051412,188.66265829181208,172.6932325453399,187.18086483937427,194.36976940403827,174.74220800301347,176.79742353345966,180.42388773731824,181.2449470650632,181.6757355814962,175.23044382414915,182.07126435722478,181.31397536734443,179.5535756619641,181.96702976659125,185.60407167680867,186.02388120655635,199.1874454916539,182.38804140620616,176.77430402388384,180.09689352662338,172.95726688278054,175.8796374502777,174.53811470556525,175.03910905760182,176.46749947491074,175.10645813006693,174.9983555362048,168.1011991423049,166.43693646241204,167.45248239781432,159.45988437520683,159.891381637661,154.83272502470635,150.38476894533923,156.17894497498864,148.0238986752011,148.48937747939868,148.49240592474962,150.807887154571,143.6665380088852,145.98242202862366,151.30716601129208,148.6216603012774,149.94803229623562,143.38792996662622,144.28448861699545,153.08809962119548,139.67666682967229,146.7993311877751,136.00503396719338,140.15721668349178,136.844758909243,140.65203661761862,137.24329130118886,134.20876371670343,137.95571052684224,131.760180128328,122.28544007832983,123.10560679806973,120.38319431719205,122.47621196568275,117.84946162234229,119.34591362218869,114.78797461611028,115.08509125077265,113.77564785270555,112.30320814307599,106.68617818194488,108.120785365932,105.10288727342719,105.50824870117137,102.97273482095375,100.34533785567425,99.21197511616447,103.30079544404404,109.19437736323175,100.02330994456288
90-94,283.59511343804536,289.2422509328883,320.9873135181819,286.8133351329464,266.1610989639552,294.98133701286065,294.53296262669846,245.44626981223573,289.909796517726,296.46482927417827,286.49230542725644,292.795052584532,276.7235926628716,292.1707586155313,308.4906306868799,308.7214973222666,267.2775868652157,253.19196781796828,264.23852906563314,248.62450793066137,279.5487610734063,298.0419870490003,275.7982097962524,273.52768538446486,257.66465962152864,264.8532040958052,242.38715332762567,250.90167790497097,259.21175195076887,300.28116512278075,268.90381140544935,255.75447570332483,258.88796210320896,266.5321457343563,261.7086017697836,271.8710864620339,304.68937470794026,283.7906725186189,260.38947870050964,305.34713930126594,289.55091044668416,294.91042668801845,319.37069377052546,317.87999273417154,301.36784919579554,311.3509666706203,346.14321663768595,301.589770291379,319.4213546414973,300.8375209380235,296.3415843657541,292.9781000465956,313.9817204164389,326.8897182506308,321.53821295847473,310.8448928121059,283.70164245142365,277.8945932737006,303.72995521612603,340.4661305710781,303.1887088342917,308.5742163678498,309.78808260170393,274.15281922689786,312.60418424507833,290.36072637013973,297.13493390522575,318.99088181314994,319.30449675071395,325.7943504792587,321.5171774011433,320.8461527350465,276.8626775473879,307.27941727545584,297.54666177004106,288.7754698886921,301.9198915553042,308.4272362767812,299.7044108635457,291.43139197434704,291.2456482975291,322.0760729308922,299.10075544892135,332.34632153872354,277.82081818411126,326.73267326732673,301.2778317608584,299.48892674616695,266.7955534074432,305.1791937678215,300.95045949843734,298.1079833871712,290.12759037153074,324.57851012947356,306.8101774926346,319.8347204039648,274.1063169304632,278.57673350887853,269.7983517884259,260.4445778225547,279.6651827758406,288.0566998972927,276.22212379647334,289.28673301395,287.8924487372903,265.90871460897404,266.682432420508,272.43757666159183,274.89170632815166,293.2947494757699,287.8577312888876,277.6439469085069,296.04585545251643,285.9312363780276,281.7550208176011,287.7368288304328,294.95010228847553,310.33722166376185,269.0555887119518,270.5080309419121,285.9574305024453,268.47231388900883,268.9337144757673,265.14179414504537,269.1502720803683,268.0198417193546,266.8954795671676,271.67509686046066,263.7938460066038,256.189388020999,260.3838609358717,244.9698334343697,244.78046528171294,253.72516378707465,241.29000178146805,248.59616572683586,224.6778427588918,236.3458781780605,229.96687571965597,236.50603804159113,231.099154812231,229.8481895428178,231.9500392659475,236.4531000191439,238.62941315310604,237.31527093596057,227.31116457131137,249.41068066599578,230.39146795261456,236.32404797323343,227.0807267438752,236.01867571264935,225.70003835826623,236.32294565116774,225.09694737995704,229.6871043605036,234.43014375340508,222.41676089633694,211.91093231346994,210.59988219098724,214.2506382268782,210.70708368999402,207.83505753588193,200.77179256753186,202.74650005011864,200.88141007983316,207.429204838613,193.95484664759334,197.26312952272212,200.10276014439444,193.27218133721777,194.38486176883566,190.60317092258194,188.67705858492207,183.66548768503654,184.86753692285876,205.6695487638274,190.65309386737746
95+,378.12847806854825,434.5837145471181,463.9080119317472,442.2291346550238,540.4125220686389,517.6194604518332,464.83274707503926,368.4879288437103,434.8030459716085,361.4038143342331,447.47593352118474,465.41993092410075,386.77918424753875,413.5935780938022,414.1021161694779,403.54591161682987,364.78381523587865,430.0432342930732,432.8708138336207,378.31888843032056,467.89989118607184,449.23440334078543,360.74640773711883,345.1694635185254,476.77168357616904,534.0771492821311,392.526460928344,423.84156308206946,403.95804765963754,405.5220017256255,439.1037285395628,425.0232434586266,397.0417831095358,455.9600492147354,491.49549286129235,503.57642029104665,473.4098018769551,440.8343197681538,460.59924355590886,416.1690732095683,442.7736006683375,427.0685618177621,514.9846421703287,472.61892530566126,550.4087193460491,534.2539731522913,454.2939664084346,413.2402165378734,481.3379563532531,444.1393790123955,348.982937919604,454.33273535605645,490.9456740442656,491.460867428431,500.3126954346466,452.0123839009288,442.6737494466578,553.5524920466596,417.2394245082422,491.3668219725148,420.4599466198676,548.4527095743136,429.6518965593588,456.13046387939835,445.01278772378515,451.9467245839854,487.2546998996187,453.63766048502146,465.5881698910384,446.0530675706676,470.39802864710714,512.3762376237623,422.1262474684626,459.73217653715574,413.7294096310489,478.93333333333334,483.096916673745,448.7018949828867,397.7069350489887,394.8696633216555,417.5508920852,505.40432345876695,428.917032850414,461.683352783408,430.71498687821787,492.2517772985063,464.12322717815135,436.6628878532141,421.2378389567377,453.4529075521623,436.7440519341647,429.30146920677873,433.20497630331755,477.13004484304935,456.7079144813787,481.7967425749872,430.461768078484,360.8003515057288,431.92231611440064,414.5282273983419,431.8023975601655,488.0524171281027,420.37875727357124,416.23511134127386,456.01217656012176,370.1163560684894,404.94509364700525,448.21411961677984,423.3866315959483,409.44864579669365,405.42795821999346,438.86246848169554,395.25691699604744,459.9395745299376,448.8421155451211,451.74062295979604,454.4703354817386,471.0646691006757,423.0242010256156,401.86673580502975,431.8781587480889,428.1032751794815,396.6931695786095,402.2298456260721,395.06113178369503,408.9117707360412,387.08067604569237,400.9551764955423,394.80714808731267,386.13540654356984,391.26258279712016,385.63425268708176,367.53004197769593,398.9518396112604,360.88081996538654,375.31613555892767,339.9979222349197,348.82030909355166,349.56204628335774,378.8334335538184,336.76629022172335,354.6345149861682,373.1591242517648,374.0446108251443,360.47548291233284,350.0321313004362,346.0765197651387,382.20968982312223,365.26542196428795,367.7772837235942,376.63154669792993,380.3072731400893,358.97681351667364,401.5715991488283,367.97526521227223,376.2029184615483,381.571332814302,365.23155680701564,342.2396432494644,349.56085634355406,354.2479018280899,363.88122709555444,351.461627449648,350.5627962085308,351.8297132829205,341.5888512372381,366.71946323725365,348.0303032193739,331.27449815892624,337.69035349737237,342.8841827725365,340.2760490687782,343.03641872686774,334.0557859027516,327.92351720490177,336.15383171572523,378.64924337928636,347.5331246840923
