,1835,1836,1837,1838,1839,1840,1841,1842,1843,1844,1845,1846,1847,1848,1849,1850,1851,1852,1853,1854,1855,1856,1857,1858,1859,1860,1861,1862,1863,1864,1865,1866,1867,1868,1869,1870,1871,1872,1873,1874,1875,1876,1877,1878,1879,1880,1881,1882,1883,1884,1885,1886,1887,1888,1889,1890,1891,1892,1893,1894,1895,1896,1897,1898,1899,1900,1901,1902,1903,1904,1905,1906,1907,1908,1909,1910,1911,1912,1913,1914,1915,1916,1917,1918,1919,1920,1921,1922,1923,1924,1925,1926,1927,1928,1929,1930,1931,1932,1933,1934,1935,1936,1937,1938,1939,1940,1941,1942,1943,1944,1945,1946,1947,1948,1949,1950,1951,1952,1953,1954,1955,1956,1957,1958,1959,1960,1961,1962,1963,1964,1965,1966,1967,1968,1969,1970,1971,1972,1973,1974,1975,1976,1977,1978,1979,1980,1981,1982,1983,1984,1985,1986,1987,1988,1989,1990,1991,1992,1993,1994,1995,1996,1997,1998,1999,2000,2001,2002,2003,2004,2005,2006,2007,2008,2009,2010,2011,2012,2013,2014,2015,2016,2017,2018,2019,2020,2021,2022,2023
0,212.06600709570486,214.4159289631099,197.63462326874745,184.21157951283138,201.27174342601822,208.60170011162103,209.60226441322797,208.77780688506974,194.45372947471736,193.90160959911702,202.7869536747967,240.04048521243843,225.01902823736447,212.95661356869837,212.38766116652158,195.90056939888294,199.63551643695288,214.86024866208908,221.31638372562514,189.04767896729493,136.82715948168294,134.63924142223485,163.81596364756894,157.29746038381174,146.64195298409868,146.43252381869956,136.7073056962775,141.372275309526,137.11238732060443,167.22571945416334,162.90381112959176,139.98051832061236,142.5142605008226,160.02705590055444,136.06213031802545,149.0690094069201,141.4762286260694,143.24050482150412,138.62054768237758,159.12183595222552,173.20867520451196,160.25434317251097,142.01069173759834,149.7723375401679,147.68016581632654,170.59606673722385,134.50798900404564,165.95656756841757,150.97237739534077,153.4736931779149,131.68170906129754,148.05325295958082,142.53710567138734,151.29539449327223,157.8652051456091,148.56393256873463,148.87131636567185,149.56364688946337,167.7104931978077,146.96679361779942,149.5772664193707,137.66195660044104,139.6625726180992,135.20122807526397,168.09821588157996,140.73179622364108,146.84836058657504,124.03082688763386,123.50230631870073,121.75548165384247,130.40122523770242,120.0515673687869,116.28637016071823,133.53750592685068,105.26914720272232,107.16436736763585,111.06001529844609,99.46265196238605,97.47748960096338,104.84414891798073,98.3979450813425,107.12825247309449,104.95723786038262,79.80937401447027,95.5898780607953,97.2257396508634,80.29185335054981,86.5148385812954,88.63371829879621,88.74525278159884,82.67805019949319,87.86833765023852,85.72830704904177,85.60180101885966,84.77369487371533,85.78406617087744,83.67841241344509,75.6363921495942,69.99181330241095,68.36670846197765,73.9278794644673,71.14023233447062,69.44080375596454,61.39850305921876,60.210339558869165,52.25163958969698,57.851815504817985,51.27651350443892,47.54240959018442,50.55897157093831,50.56484456598123,46.81915646441287,40.52441587862211,34.92490001441764,34.26942560213433,31.243498924303584,28.946457701808505,29.729301870650794,27.734400278750257,27.16327472281805,25.796713626733826,25.36902806602799,23.582653040418357,22.747986667371062,22.715840165874898,22.337126188881516,22.37609722743108,20.41794126199096,20.071728410156094,19.02127948618766,19.296277032059574,17.41724481758432,15.201837166235808,15.8495504975075,14.718924878530613,14.39806008704451,14.10839511813531,12.164620738596733,11.348511267902449,10.868528037593125,10.50625502427142,9.652957942625278,8.541297491482958,8.790322580645162,8.603247874404447,8.281181297977412,7.663866825041054,8.180666822363227,7.634670339597131,7.750566787637456,8.089866863905325,8.290526399012604,8.351873180293156,7.806133150186497,8.178234990611653,7.582956015809101,7.35418340615172,6.718057259417265,5.409111596899444,5.589197786854178,5.00772722101214,5.4665481568099334,5.210993263620197,4.644527551592961,4.224499208921181,5.368839358423836,4.801751438837315,4.391076034728464,4.445786816438903,4.339695093169799,4.324992276799506,3.877123304260572,3.962160745790088,4.011955723709263,2.9984732644160923,3.398465875862538,3.3755663202221253,3.354297053156578,3.376539110069605,4.060300965819713,3.7597106276053616,3.1944262283352685,3.7280793774268832,3.6372672470843925,2.9524315965640873,3.1432063435889472,3.1803908025668,3.1536777409523586,3.41784513623462
1-4,38.226639364801564,30.167614867452752,25.402502413479997,24.25618211637583,29.060543524918916,28.265912187554786,22.934020191271856,22.932852873176337,19.04728073545971,20.038742884239145,22.604014074762745,26.62410035576429,28.34549907213581,30.211433316289046,29.901353975991565,22.407127249525875,21.010513971833902,24.309727842969856,29.004212963468692,22.231407926807865,20.6811303775579,23.241638741044593,29.548823160805824,41.37913377169863,28.637164386231813,26.123599159398562,19.345512274748327,20.151320973505403,21.157704326097377,34.80557679599098,38.33298360036716,34.793511156156136,28.72565291675378,23.7928695793183,25.495508656069724,23.776610008410362,21.510754916225096,18.37715175312936,19.11010678396308,19.466309559291457,22.61012042826577,20.664735286484422,21.111055566517685,20.776543128297423,22.572586534808714,24.59048658026046,19.307318930745552,23.0987487026353,16.38775024792452,17.31396843535193,16.839963412467167,16.301295865479016,20.335138870540852,22.86494024924898,18.76102514423524,21.568655968137662,21.93464799498282,22.05555133225658,22.31361192902195,19.154861844866932,14.845248626996373,12.179331793615129,12.518676258891505,12.324282854602835,13.177943522478364,10.63400475187617,11.063834864504944,10.329779448465805,9.449597777952468,8.184469856303982,9.136130820642114,7.5958645275142445,8.289982634163547,8.75196267981927,7.582071834458696,6.535174501638228,7.782554373993709,6.632210932160772,6.473649153645386,5.805033980907085,5.886513723092078,8.355061674532967,7.165786446223603,6.693229346309326,8.056137478285239,7.301663729988594,4.725824437339738,4.713864994623565,5.231008361578057,5.530311120015983,4.568828941049721,4.449577940436562,5.033007064245876,4.713947062636781,3.731159339794591,3.7830417823771882,4.2261690717971145,3.6761607221444663,3.3841895448019788,3.0200108655147884,4.706280151450219,3.7609169603195216,3.198366125785959,3.175658648093143,2.5856884927711388,2.285381822347226,2.738018458722663,2.339186893995937,2.376242440696046,2.852440097698746,2.7244832811614867,2.4211116465837526,1.795850617180798,1.7866329490475221,1.487738289252559,1.332373715302092,1.2146853336439212,1.485269338782587,1.1870624101013372,1.2126329315719186,1.0047516742884812,0.927000331275013,1.1242372427850063,0.7947197870448568,0.9432083401331417,0.9399839179624602,0.8785676898971929,0.8428704810753225,0.9158559229534684,0.8081465064667882,0.8792507774823488,0.7932159388433029,0.7058048384235509,0.7628612799451053,0.7059099235204409,0.6949232304786159,0.6675478518624072,0.6408857561520523,0.5683800661739076,0.5251670880875114,0.5626367546096503,0.5665956745477131,0.517455061667971,0.45142563674587205,0.5518325005918122,0.4837832175636887,0.47364687967356256,0.4020211932877695,0.4621080833838388,0.42998850252602644,0.3974572389241798,0.3855743038812957,0.5232218341319851,0.44669996608060364,0.45439363553779333,0.40521429758127586,0.38741951149094694,0.3365714172244493,0.31408596234407693,0.3465974396047296,0.31605680098461,0.31417156580641914,0.27272619291423617,0.3265695164223197,0.2241181574060622,0.20140715000029663,0.26260963628676337,0.25295645648477494,0.25119968470315396,0.23052793967681293,0.19091375024594465,0.15009621167168155,0.19989558530984256,0.1679907222594368,0.16782202596199114,0.1258263118756131,0.15325652295202252,0.14314045615064883,0.17120013243723733,0.1267591875161337,0.08386904687021685,0.14407584120702874,0.15172657892683875,0.11633334255690549,0.11019065636288804,0.08448846122864591,0.1368007605156632,0.10402138263541454,0.0998238906920411
5-9,12.417735747343738,9.56611119497702,7.612806898553334,6.7385969363542575,8.175347228980941,9.469690922997694,8.072095952570049,7.398849795950292,6.230824649111504,6.5644854684408465,7.573607022270383,8.605782247653666,9.027203094709753,10.419959380377,10.480089721242585,9.15876965084517,7.402927048160591,8.078549253632222,9.403991671525286,8.285910685762047,7.346597413659099,8.502161838179163,11.653539771392214,17.026458718568918,11.86512395856841,8.747190566813764,7.491682469553056,7.156373787579669,7.488082889293572,12.752738856698901,16.93672682030326,14.339455522710633,10.499379301400124,8.772338845652063,9.565593304859718,8.670232751460327,8.217643913608974,7.177830530838709,7.106985814545698,6.884196480561272,7.763827640398013,8.869124727151206,8.557032622670054,8.735886795061413,8.679619168155815,9.834540288988393,7.972435995307754,7.834841634285021,6.215181880485395,6.124299499430767,6.289897420069863,6.395277755481618,7.197540365160904,8.97369200137128,7.746807138346748,8.557259187663968,8.327053620240784,7.5159026618007845,7.75141336733639,7.073678672762957,4.841740784010308,3.957767219727496,4.345727613594887,3.8639949969029046,3.965756280497148,3.9997222580924516,3.662887352840011,3.3011766346469513,3.227259139657909,2.470043831233256,2.995947563470825,2.3124788147003548,2.3426593786630954,2.514162573364227,2.3158291677820184,2.032688788187786,2.483390766070819,2.231549120739077,1.9227297884346748,2.06165239490939,2.0918913665606294,2.111575207794961,2.270989773885281,2.600455429922715,2.541348868505299,2.399412436307682,1.9016802931785135,1.5440723696181602,1.3965707715911764,1.4539994038598905,1.3976757699574702,1.3036847615452758,1.533151244847729,1.3109682098030928,1.2149292334644972,1.3822017632923438,1.1037844732528541,1.0476946663086797,1.1297428053655347,1.0154872722452986,1.5951839070124976,1.1143235008360943,1.1598214073292783,1.0659413205049737,0.7711846188845268,0.6867716999861139,0.8744732938042254,0.8670389732017595,0.6928237740343768,0.9753343313143916,1.0144574819721526,0.6738556667299551,0.6034392885796476,0.7191175966574113,0.5400007185315684,0.45619542810791625,0.4374092087323306,0.5526865294756467,0.5049171587007876,0.36370249136206584,0.3525689639782433,0.3392191433101771,0.37803446778456296,0.39227127000182593,0.46678780615042836,0.39605952742853046,0.4539002309460586,0.4336751501606942,0.42520877005817426,0.41450258758723585,0.43513745856335556,0.4129550520160356,0.4485997391527637,0.4688543681528446,0.4654759982400823,0.44119392482596176,0.4733775677820913,0.4040953395433833,0.4232590273731343,0.3210087857865074,0.43742411334904147,0.300369269180322,0.2863650629823138,0.28060894782703855,0.27561309720052607,0.2187727559582015,0.3130711297052582,0.2211028737688087,0.23425480773151172,0.16161731102983962,0.28670431667753277,0.1830909453338374,0.17509651079346392,0.1843300379753131,0.1871219242796824,0.23527831819174197,0.22728538717041058,0.16147990750395505,0.17272211821511985,0.18470811291353312,0.15789473507396715,0.1421806150630712,0.11273788045080996,0.12729017759889263,0.12148712208356459,0.09534555247452715,0.1459811726650426,0.09106695495808485,0.09729308600705942,0.09772732940890902,0.08781654865390989,0.10046594034716597,0.08383194879879896,0.0812130002192929,0.07269589453570405,0.06385568080965597,0.09154040066928237,0.07589638557770467,0.06053987218035166,0.04228694568157254,0.07233250384025318,0.08743160412078074,0.04603938798552448,0.06599601101253437,0.06779286104371371,0.06916410146714444,0.0698930473292086,0.05262782402137164,0.048556653475442475
10-14,7.229308306442538,5.782494572429308,5.132616616068703,5.1338688778935895,5.119514197212458,5.875720747859077,5.405092730699882,5.160385494821293,4.646258126393351,4.535605753905455,5.279243658834,5.574143724926252,5.571310107003192,5.6786318433230045,5.860865899033628,4.876379147831682,4.700358515598466,4.575645572612417,5.687643376010104,5.041182950347153,5.18210956773887,4.974640767715408,6.3998054654645165,7.353851076342827,5.425621280532691,5.702187943299111,5.416357069925096,5.008306377316955,4.8153552723936635,6.899359627668815,8.567567686273591,7.31399701056102,6.305341556579781,5.333104598635833,5.775653987151727,5.4506103446713,5.755022089666254,5.275290266144465,4.678302574469874,4.641947950736414,4.777740671504687,5.542589113070574,5.494352081042697,5.452167844543617,5.549995534828314,6.285147681471098,5.187542281374011,4.9138386422654765,4.7024198558031856,4.303437764534146,4.5482728685470875,4.532479711564976,4.682619880340465,6.168978733137152,5.544194143358196,5.5671787848875605,5.3288734939787865,4.990675716616605,5.075761095771441,4.622996396457804,3.6384774149051613,3.208179837647845,3.5861003452596227,3.1813642617253843,3.1336740383878627,3.1738633016341744,2.9150252415580966,2.5876869423014743,2.4780262778661677,2.4936221628384474,2.5445026484666258,2.216764360912849,1.9622448051392427,2.180806996630729,1.962795012728387,1.8634822921108398,1.9338427338902275,1.8965316605968343,1.6445532100046405,1.5284583841273574,1.6350257272721296,2.0125891032470893,2.0766832387068273,2.4801193064719596,2.017350912835517,1.9417257484224373,1.5712913427674913,1.3838880657995487,1.2717397890188205,1.2696794790515933,1.2496774727285809,1.0285565289688916,1.114015601446685,1.1032079108636164,0.9376375044510382,0.9958911484570291,0.9660170620390437,1.0570379646106813,0.8235629839054623,0.8557656941641261,1.0412033175673696,0.884816411520739,0.9602436112199284,0.8317094511630491,0.6544596564860137,0.5883442237767599,0.7150883611398285,0.7097819629411561,0.7274727502787863,0.7681332426806148,0.9323464738673249,0.5648237954380028,0.5593506173790572,0.5061940022491026,0.46678727498989436,0.4751298539457207,0.3926435929816308,0.41749441854421115,0.3424464379380076,0.3017598078304954,0.28108292401716944,0.3188438387366317,0.3557238066753445,0.32323945782214547,0.30777718675749477,0.2749754621723958,0.2821534661666907,0.3477955098405755,0.2859098843812195,0.3283929469749664,0.34234587144087664,0.35338811802321485,0.352620100589325,0.34828252683547595,0.3395039673211407,0.3071407256017532,0.35823412396599585,0.3634116195521819,0.31977034520168074,0.2787570530419181,0.32571443999242,0.2717043199094612,0.2690845489106621,0.2576106071799381,0.24594737113811074,0.21469035103954598,0.2466512975502593,0.2309977010837026,0.22243298128599928,0.21975131019366065,0.2824135179890008,0.23244469082351807,0.15735639876777924,0.18227899562595443,0.16999089425561612,0.23054795089454977,0.18450586923054263,0.1793530008776426,0.19991190548698204,0.13013537694073418,0.16864462987288117,0.19615366605350085,0.17253319053336263,0.14054461671427557,0.1633594934276562,0.14444734598328718,0.16253912372481286,0.11719225491190521,0.14341714412126255,0.151692906204274,0.08603399788287538,0.11658283318350068,0.10769296475019385,0.11661594466089183,0.08328175608025741,0.07574968957922884,0.08807164922236403,0.06222084293103229,0.06881630245040192,0.0690269999110152,0.07504896119179191,0.05681694300437716,0.059607504847133286,0.0561798068425881,0.07670388762148825,0.08540822791215424,0.06548769175205443,0.06333064550031843,0.06452871956675786
15-19,6.11817066216087,5.499992878683465,5.304269052167344,5.19248303800617,5.436900820385239,5.9662710920096576,5.576080118795469,5.524164877115385,5.4645382670655325,5.229308314869015,5.714036192065857,6.076399282779784,5.98231777300451,5.269184760124487,5.719476689663696,5.174793376270722,5.19386830350747,5.127136474903596,5.76876494743017,5.209901731659473,5.222219492987013,5.123657711597881,5.967612841227363,5.699183419815892,5.3183002601122045,5.31137059838747,5.02165930732846,4.6360170492400465,4.986382450847798,6.6045038403384515,7.575301193791742,6.726627991505476,5.922143365908171,5.427342503604352,5.096814449668734,5.419430168381034,5.720105517546832,5.354456263896043,5.666507469208597,5.84809431540691,5.717136211900117,5.866496293867208,5.5553832023970395,5.131536689229448,5.552372643012215,5.491148065384555,5.02827763496144,5.235406098071128,5.296191499878286,5.300493588370551,5.4320535949479405,5.594449734436409,5.1729433855083045,5.954423236422849,5.549647015393749,5.546595522903855,5.617833023275289,5.3017216135887315,5.114283763232495,4.703242303135826,4.35455102224499,4.075483174085471,4.426099732397051,3.9852412617783366,3.9787944858722355,4.119834533085562,4.01764625757222,3.4862563060773666,3.428443566810949,3.470892117016057,3.884692451696895,3.270700413946157,3.3043676050128252,3.2689585718272536,3.121164903682614,3.0114774391201022,3.126119179371441,3.0217581297690557,2.7558146939138397,3.012365928463295,2.7402715051525353,3.1467283326862905,3.389849758009966,5.210163490668207,3.987232417242785,3.587844862129243,2.3543477996152062,2.356119266440724,2.312733338135679,2.591484678254819,2.2599732622796145,2.099382775628921,2.0557731033125344,2.041808876687343,2.132026397407384,1.9963088373441753,2.089753443374934,2.0616047105202973,1.6343944194458568,1.6077486626889845,1.6865216800858926,1.64290558798243,1.5700759569109028,1.3064483940359055,1.1442592514536896,1.1156382983465993,1.194446587082717,1.2192477334556924,1.3188229316931364,1.3590175414856727,1.655767834463873,1.2308742049907266,0.8977117733408534,0.9106047858842282,0.7706308456349009,0.6944079329162257,0.6472607668847765,0.7127279874387538,0.6396045878273702,0.6263935421174783,0.6458208339423381,0.6506104893072325,0.6168412337638907,0.5672522778281116,0.6230381805899357,0.570833053921422,0.556278717888811,0.5421904816056458,0.5855402508036192,0.6477495426221932,0.6326907104212147,0.6673183726219315,0.6177354281208896,0.6626988384771162,0.6798690636423022,0.6931103115686666,0.7784623832480909,0.6920942879704366,0.7452083038803426,0.6904656511139637,0.6091522774294975,0.7052829635827819,0.6272594295196633,0.68768533982834,0.692368078533107,0.6657798876538642,0.5833416957949851,0.530690251442006,0.5348469874162605,0.5652002811962179,0.5843108057873101,0.5319157340147472,0.5194076814744504,0.515362506040998,0.45594040383870144,0.4319801360862404,0.42738068024539105,0.48524319874661365,0.46277191997782885,0.3921015776551188,0.49042324457189934,0.4310410326744672,0.47439693036655883,0.41096594119762325,0.419227137509707,0.48537785370135605,0.3814772338665078,0.45030445330348096,0.3302886340765596,0.34938750150222264,0.37496899636735853,0.3483607805013872,0.35317573028748894,0.31770739020248384,0.2942772508884649,0.2514645407873225,0.22937667336577092,0.19163679801531938,0.22121464086979134,0.17167160696275272,0.16779747947708842,0.16497881616981466,0.20442183430188016,0.22319802595549557,0.21251885704563914,0.16603076150818688,0.1724666922969711,0.1737847802359667,0.16311541514504307
20-24,8.203182401990167,7.727454241043877,8.072262749026548,7.010196746248929,7.378500845129273,7.556351334811867,6.8300896227955095,7.649791275124983,7.879077887095264,6.855160234734236,7.286568154437997,8.212420533908139,7.685689930446869,7.819311353249118,11.572318187183795,8.254880221687985,6.9263204441907416,6.6827799962969,8.796266291310634,6.933252412529504,7.125240031717624,6.346835880053257,7.91833341179199,7.477264235424216,6.682215108520702,6.590277378651041,6.9239457607798665,6.164236548216747,6.6510884755495,10.28152288188608,8.064083724597685,7.60087586137892,7.136745589595782,7.3934374900693385,6.967937523242425,6.878598875929401,7.543024940121196,6.924058552817253,6.929047779379654,6.939161429857223,7.599331987720652,7.178428521063297,6.658044967947037,6.471907085559088,6.987890254360791,6.807264122074643,6.925451036940293,6.232003215146184,6.7327829769298155,6.525627045029792,6.629774493477027,6.808984218761485,6.117474783479929,6.349294602189473,6.560534166966423,6.54114018316943,5.909513155075351,5.858648830312464,5.59955377947638,5.571394432647598,5.403916069673319,5.181592755794643,5.195902715261813,4.919718271197881,4.871170839199776,5.42619332824156,5.002566050547086,4.308875804218259,4.296670581194062,4.3828065197705,4.5494333229693416,4.224983996373711,4.287235723368769,4.293314073653312,3.9437951628738204,3.7579226235659164,3.9276891258047595,4.031435115401705,3.72622654939134,3.9008681206723472,3.7371739446995282,4.151836304807693,4.4943222709778246,9.369649821086327,5.50405950277291,4.984841352525874,3.2517064219032545,3.263200777457997,2.898714348117638,2.9832997718689294,3.0757837751050365,2.981664509886896,2.8780765763357086,2.8336169493190164,2.908245036700491,3.040237447303882,2.7275901663391156,2.731261011313094,2.3343084125956994,2.2915219266028632,2.242495592255057,2.2405044756304475,2.203676417221964,2.013091164744474,1.6343824952526116,1.5169682623987966,1.5326593551018766,1.5836192603831905,1.9025732001491957,2.3383268664230035,2.699936861611635,1.8515734834375657,1.44334006249116,1.3448553528617968,1.187420645293605,0.9043488753898696,0.9517857410897163,1.0057432821976684,0.9934218108606846,0.9308347914668597,0.8813313160948412,0.802185069953166,0.8254238629899477,0.7612320300378044,0.793342111641388,0.677943815453991,0.8259049926831297,0.8118800813622958,0.7004646445409842,0.6849226324275078,0.7201944408058236,0.6853466750144384,0.688269747250916,0.7650679157778962,0.7420044238114701,0.7733721159434674,0.7596494282434032,0.722453513356591,0.8268271067103325,0.8160004968888462,0.8065911638578999,0.7166008493986933,0.8528718293253215,0.8540614907621835,0.8743998825452269,0.8433488578339144,0.8407510299604324,0.7914097435416603,0.7628657507527405,0.7300451719964587,0.7445535592716325,0.7306919760181049,0.7617594290879695,0.7319894266144206,0.6735749493214455,0.6540148380058275,0.6511810770738183,0.6151778195192154,0.5543090296940937,0.6484813384354701,0.6273841261395129,0.5859181302822029,0.5530041856088942,0.44080557558018485,0.5650554578750142,0.5899780558521596,0.4681788510628815,0.5350285772539296,0.5150299268703724,0.5444831670668533,0.40863008891687724,0.49397609775712037,0.45058753610791563,0.5284841979524718,0.3956761014127195,0.41269209536790175,0.37654751175798795,0.31883606930410224,0.26071419387624073,0.29812119991150904,0.3087783217102718,0.35148205590521325,0.30366627780370986,0.20262634002377294,0.2875767541709187,0.31877041369749004,0.31104829176265963,0.31995030958391946,0.21048794275772406
25-29,8.951905451284658,9.010316191329391,8.537737238969541,7.767046019526282,7.410264607386367,7.96308428135699,7.282605330774232,7.237964822340559,7.683626196094013,7.629847755755912,7.117541381946662,7.863178955869335,7.381506458563617,7.752274907084184,9.497497480166587,7.741413507161193,7.22092063819096,6.846166970628363,8.946687586586771,6.718056127407478,7.50824215350048,6.951361973359113,8.006327684246534,8.183556883231253,7.037423483760473,7.345138814881414,6.505718101859951,7.078294303260423,6.955923581205656,11.08606015970246,7.98559864667112,7.531547903158282,7.1062753132550585,6.953306979142482,7.298597793382869,6.640011691216972,7.5399608565964575,7.379309393626713,7.364984347360364,7.360687239617385,7.895171440464883,7.162053805763963,7.020122793528254,6.900103624792888,6.969932756524664,7.225336726338707,6.8533892954104285,6.7681716850772355,6.752233842429302,7.052221558471435,6.461830421591934,6.59061884440193,6.500323171877652,6.482926877681267,6.386857854969025,6.438341085923943,6.365686556015389,5.728705692390484,6.102277237187826,5.651263743671594,5.379445979234125,4.913237213892894,5.489341385952229,5.175207066306583,5.347541393898379,5.387920980041559,4.998660771851039,4.54702077184604,4.72043400628023,4.656006172435744,4.690816420054539,4.581217799645562,4.560281954351826,4.676448012797128,4.287674803543212,4.178136600348876,4.1425782556257085,4.2382958152000585,3.9875396390156,4.090457201939673,4.0818469123703665,4.465539100092919,4.714630424693499,10.393688218449102,7.067105397927609,5.584837245573185,3.4154242556097762,3.349709382144683,3.154653574204996,2.982815066053157,3.136759822235819,2.9027532265188425,2.9694775118083903,2.6487256814487137,2.759280209183223,2.8261375837341554,3.0240582990636584,2.8887510399204834,2.701609278659773,2.621765288114955,2.6790829564723886,2.2352035433634447,2.346535203504125,2.1053757229798666,2.033773316607185,1.8248624284250812,1.8499704487464594,1.8541374067176535,1.8738556096098453,2.162393252405828,2.9944186378946713,1.9000965908348793,1.730914503950812,1.5816202518580045,1.2506446996226266,1.2297242161496291,1.1315570324137876,1.0840700305761566,1.0888245471776223,1.0263027255874801,0.9953089373731709,0.8564773045767664,0.9580347088878476,0.9571150101658518,0.9756242267007974,0.893919476237898,0.8076217479957849,0.7671442667578794,0.8714862912795155,0.8802185258369892,0.7635126975149256,0.7452185363120424,0.7222170132188735,0.7320132863256329,0.7420367470296269,0.7938443074716707,0.75354824230769,0.7295539906734508,0.724255589844232,0.6980538376130475,0.8146579800254993,0.8519435948182208,0.7360981577562546,0.7915647900793923,0.8654082015986779,0.9805053395064272,0.9605580638433575,0.9675970769240748,0.8278722305685107,0.8413063596466062,0.9274197527143069,0.7765118967781129,0.83290883277005,0.921066252480762,0.7777109674028588,0.7434746131362284,0.7805806467925177,0.7305008563518044,0.7090624513038318,0.7202983756256444,0.8377392095533995,0.6466767187749435,0.6345462300339381,0.6260550168279676,0.6818070142894995,0.5831547327967056,0.552242652175959,0.558120648697968,0.529057294689068,0.4851511050022631,0.5832380907494904,0.45757138800009883,0.5252096106894637,0.443676378978385,0.5441378540604991,0.4251299327512081,0.3348542306185095,0.3535290087742578,0.3418105816377036,0.3471715113176147,0.3247232539009428,0.3873288425420326,0.3365443520758739,0.33222664378971034,0.3346097310849774,0.38941313228909885,0.3093209692050436,0.29881001605295576,0.32255389967298165
30-34,9.490245602430955,10.00119950627889,9.957748626549115,9.819725647188251,8.991771439562134,9.256748379194033,8.603913719995443,8.62077018245997,9.31558831183311,8.080662758303284,8.032100026998107,8.931436304726606,9.096717994891993,8.10266531920423,10.169331193640096,8.242567192195333,7.51971178813918,7.475142732656362,11.053894645023373,7.722610520906081,8.402663988033467,7.961506124090295,9.036282594507014,8.692746256531612,7.762869735340835,8.375317247827665,7.748275125209408,7.58156192972636,7.3960042693682295,9.584868416289767,9.081241688625036,7.982233477187055,7.662642025111433,8.062042894255951,8.005613640497357,7.798679489837212,8.071260094011667,8.268119481910453,7.789646145715897,8.530937334736459,8.798490831892929,8.069142646166245,7.677240681786055,7.364958230165465,8.054659203317948,7.655310097663607,7.337392106739059,7.256118139549392,7.564600067043486,7.562783983624028,7.472397664024894,7.494796000154156,6.941977299068626,7.108488923117745,7.020225571937746,6.995315704939616,7.243830348623463,6.572758566628536,6.787825078982688,6.409322719634474,6.358435612891374,5.703912160501799,6.167144775451467,6.059327107790052,5.884506153688248,6.411917309815461,5.998460585543697,5.805077615931064,5.559689532254039,5.09459235175779,5.390024412186454,5.000971353381558,5.172624630996089,5.168326103071211,4.779703055106221,4.660970984590535,5.077683860395852,4.763633264766367,4.483099632426632,4.6361153182813455,4.6541230210182984,4.620150738314949,4.837507770433662,9.878428345335406,6.630849301760504,5.960867364349801,3.589718342530936,3.8093186697609958,3.3624889408074594,3.318050408187332,3.410833226121019,3.1663532321150263,3.431494392222244,3.1589725567794553,3.1752041971357308,3.015063856150217,3.12606242430098,3.114420615154229,3.0237111144067477,2.877961889396073,2.873505298623244,2.872348958750483,2.7384100675183296,2.5893272798457447,2.1921786569606967,2.0306609621755327,1.9277544494494199,2.0852935092320117,2.270485725931816,2.4615911390791068,2.6634157939442953,2.286822886036088,1.9961500918561732,1.8146394717513683,1.5659232698248895,1.3792879864048608,1.3967522043231484,1.350644602429732,1.3198384253799649,1.2090619285268822,1.2935315888200605,1.167895319206749,1.1941434812954719,1.088897195017734,1.1732378276575381,1.2359091857184759,1.0551789789996444,1.1068679590874553,1.0823068948575767,1.0091390050665354,1.1069351673445957,1.1023756659383617,0.9537269290464467,0.9913602164949641,1.0169239535115249,1.026231163733891,1.0409296109173214,0.9941543993688181,1.0372563908933685,0.9566600450507632,0.9015075045832188,0.9224359320227996,0.9956414836704743,0.8903862622468048,1.0229740359503314,1.0918014218238221,1.0983713685378744,1.1802525151558882,1.261730440721115,1.2069268170289387,1.1083786386472863,1.2161601422455341,1.191767144018953,1.1238668545290857,1.1535516602344031,1.0304678953825943,1.097908802392777,1.0631519468748203,0.9990247119065747,1.0551275678468002,1.0273274281927145,0.9827301983449795,0.9113246103211017,0.8414584719207646,0.8362205973759825,0.7130536737386918,0.7214344376779276,0.7775897400998987,0.7089015863347871,0.7221888747517707,0.6047656101099992,0.6121542280197588,0.6126139633261876,0.6615497622249576,0.6174416481322417,0.5144809427636214,0.5662801908132987,0.45820179192380717,0.4530715989047749,0.5401849687006525,0.4146468480853666,0.45501903768446156,0.41960727696127365,0.5107332489271246,0.4247508192239842,0.3952125580295369,0.3637865082497685,0.46765117315076643,0.46490112715278276
35-39,12.621676331667627,13.260555036775205,12.90822092943427,11.385850875120704,10.418533971070874,10.62707203983341,10.41595144578544,10.292253594429397,10.891014324734979,10.018068126278825,10.537773277230963,10.957832654057919,10.50332375838152,9.974229306979103,10.39663751217624,9.529283316232066,8.79575428240182,9.378319398683013,14.039572318921923,9.36792839862322,9.805551770618989,8.908642918252184,9.989197076195687,10.117339989439337,9.384373036318523,9.291424897669065,9.109339481086424,8.94290577230991,9.065412718582444,11.212051997930867,10.357449066908176,8.877851574652704,9.074354290438059,8.968125098890553,8.84177358404769,8.94810840282016,10.383487711722095,9.89695002062266,9.66294164602552,9.736781181253685,9.5549397871252,9.2371749346741,8.785873290988732,8.531601905249756,8.960155704957415,8.20725617842315,8.038941143972929,8.385134732896459,8.378614590141552,8.369380013309067,8.281771236516299,8.251150213475418,8.272404784938914,8.460977368141647,8.45713604068638,8.330476139488773,8.177400611005366,7.756700448934007,8.085753237811579,7.359471631924056,6.976886949359324,6.798066205025456,7.372226814255643,6.796046536646199,6.4945396363363255,7.331913038152944,6.777841767955087,6.41826938571934,6.672454484303874,6.046011758452139,6.285860746233485,5.981476081020283,5.617681952157599,5.807820768982485,5.846519860311287,5.627424217489744,5.892966065419171,5.871630124427043,5.338436564385901,5.568124821363328,5.6554858447454475,5.973298329462228,5.460045834983922,8.667770775317262,6.8747315609550155,5.705721553726598,4.434477657155839,4.332273029432523,4.1596779665145975,3.9500567681834573,3.92034320771478,4.176475489678007,4.1369144954894255,4.344714962825624,4.084052762103605,3.846700129076999,3.8029535563841135,3.8142172549270077,3.706250019644949,3.5824831124534273,3.6387222948831504,3.5973656031759997,3.0971932003882547,3.3173690446101975,2.8770413297430446,3.0282422760697525,2.616172617534808,2.755168106902411,2.6361338759757853,2.9192433716481347,3.252212755524817,2.7328127978635477,2.6626060566895142,2.2042027684136034,2.0571903923776946,1.8777098983019698,1.9574082070057528,1.7771102330289983,1.6683134269319688,1.7066832318073055,1.5679268041909045,1.480860433911826,1.678039638805477,1.6128457490262842,1.5946973112325409,1.5898384484967603,1.5961995474084567,1.4829855960347904,1.6613298278710038,1.5751498780392035,1.6432945314199838,1.5804853688246467,1.5285607832374024,1.7231266329379933,1.6076826565940712,1.5842452071128819,1.5529456197889477,1.665580793118812,1.6639669604920608,1.46923954491673,1.5437617616386687,1.516466253109367,1.4459691069647438,1.4170802158953433,1.5355772703053263,1.6754023615228975,1.528337710161857,1.4421338148984895,1.5499543544358474,1.6172880488010608,1.5389144468272187,1.664873900180518,1.4857832774778224,1.5569901063106657,1.6987020973748268,1.5265807757466376,1.5554569412657568,1.5615365423827952,1.7170445196271913,1.557126116404294,1.5665187153006748,1.4540256863587158,1.37171570475999,1.315532069266942,1.161985888209563,1.1216037959071625,1.2341388145996621,1.1965841790205627,1.0650791630598593,1.114453627834864,0.9021879455089268,0.993083790497224,0.919507451023865,0.9291026950682967,0.9104989138291154,0.7938808792274414,0.7930353005069072,0.6960312732710374,0.7129651602932732,0.7224889778377609,0.6260090871704683,0.6857499233018273,0.638896774151573,0.6797585378417702,0.6454331679256805,0.7003162307262198,0.6129091961439256,0.6150197594960817,0.6713999414232
40-44,13.535932123464306,13.81866269052527,13.653240257806802,12.992352462008053,12.153099175247183,12.571847759994442,12.542237746307759,13.472701236894556,12.644609602108737,12.225929137732567,11.477986546842585,11.965108417776044,12.420775965798505,11.760735084334337,12.849979447584293,11.459390768137526,11.431655333109038,11.534002301021234,16.569052874795258,10.754317692812371,12.47759172382257,11.069721639005843,11.687557798798899,11.596992894433866,10.8757410489608,11.366053585518607,10.354810595005404,10.052743525257616,9.90705696303599,11.70090146444182,11.674099487983336,10.79812794213748,10.389972820583317,9.945821710289717,9.620186380776202,11.159595562598923,10.725552676476703,10.542632330009335,10.594106583271303,11.024305983674164,11.711568146627691,10.367224818678226,9.589385101806387,9.694091983235793,9.895241326463596,10.010285502716949,9.797258608752122,9.447161593303647,9.41352790692323,9.643801501304498,9.264774478682218,9.307532516255105,9.502997491506616,9.209486965864475,9.242676306779776,9.04245001772635,9.787909814870504,9.11895867311627,9.083040245479829,8.71082961145392,8.560917575153038,7.887442905829665,8.649087925327283,8.113899675243244,8.598143259433353,8.683404000116264,8.41688071567296,7.876620819774834,7.653955290658622,7.820013315066403,7.747862216406562,7.397535196297836,7.344202801575297,7.5290687873475,7.202676466306248,6.824497386284786,6.855239206229619,6.6616295776249155,6.2602758490987185,6.177715661745719,6.753021476423286,6.801182601718766,6.477538961051532,7.7857404799460355,6.515769909450864,6.081199085666469,5.20000169836552,5.577767966454724,5.023305589791188,5.0298175557258755,5.1890957297803055,5.200688044470675,5.233150882676657,4.690963998730898,4.8865517995410945,5.239362377116021,4.902329647392655,4.921912621069257,4.868545715559954,4.408030777906588,4.436229173733074,4.586384331635999,4.183329199210282,4.249502606355299,3.8715042017283405,3.8174197055292494,3.712390759066027,3.3933258591642885,3.451266843324159,3.9385737466305843,4.062437985004052,3.670686213041757,3.138534824239134,3.063134678106391,3.051393341653643,2.7587419679015146,2.815305146829289,2.521915010918712,2.69612629772092,2.5102947505478794,2.3869263424367304,2.4139300392550984,2.472924200224166,2.2905250561237067,2.5226602942083804,2.2918959124841747,2.462471815528028,2.4022784018770578,2.5267338380259714,2.1959582131449005,2.421520715009026,2.3814950239635873,2.530368198816372,2.6906662555126095,2.551746426664658,2.485201903875269,2.741865577383222,2.6847141114962714,2.729173217703876,2.5091269038543484,2.5203691075149437,2.6180107664916066,2.5690365591289486,2.5278504269163844,2.386329629071517,2.5984983435737474,2.435117891867901,2.2966964172204833,2.377445362017634,2.3621876748035833,2.267080464895764,2.418787371948139,2.3853223520501383,2.3332471302893,2.557106306472432,2.496945722243392,2.2813206053785606,2.3976753401835973,2.402160035172342,2.4764319244409254,2.409039648944662,2.4610535245563385,2.4150043118950464,2.249296933660718,2.002392148263869,1.9620468453072273,1.8736869594572356,1.9240904269929908,1.7981688690138764,1.7796227393936908,1.5550714657451588,1.6946075052060114,1.6345207025628956,1.5096058388157927,1.4428709188390105,1.4252392116114505,1.3029984887984514,1.2297584527240435,1.1965433615838768,1.1357994535645648,1.096301438431622,1.0488136941815527,0.9668110995349273,1.0577000416499363,0.8736308210876248,0.9779635372628146,0.9302501846331943,1.0460094781750555,0.9287965574243221
45-49,17.20756290712275,17.61201091991697,18.01392189184213,16.835669996812083,15.74108052941102,15.243527436347048,15.506223335761524,14.896957038362137,15.582859807366033,15.370484898124406,14.754478448861697,15.06483485174794,14.572776969818669,14.50672799470994,16.038622708585017,13.570813962238224,12.858899253186538,13.783325569515618,19.61062181870671,12.806135799970972,13.25740148069506,12.509504101471386,14.359068685023617,13.59662904698799,13.658708000261626,13.04310871573019,12.412557222447063,11.288466783634782,12.784002370624691,14.16552061633303,13.25187398783241,12.549128608528745,11.689493765880655,12.180431569376028,12.285603955560223,13.01156035484667,13.316924931661362,12.362409043224051,12.879169237764282,14.238373742647285,13.81296945465431,12.685716658246855,11.841429659691329,10.160314543779279,12.69163266844826,12.098306732488641,11.771900904077976,11.222136712456445,11.559062405420805,11.070136558323021,11.169007398142432,10.947475497384131,11.203812368999506,11.198398549132719,10.478846822835171,11.270038246856023,11.715845761855624,10.744515042076356,10.421682140387771,10.501522860835125,10.436520095824259,9.878087709810531,10.163254117051816,9.495361440950145,10.626580984479583,10.734761398134676,10.47756219235842,9.751161616177976,9.774158827374745,9.10450127009554,9.50548717812891,8.943901103487395,9.042933160958748,8.981307052653799,8.939071733324841,8.892913211531587,9.51599330494849,8.463883103432561,8.280434706445375,8.170657395573553,9.040286610757176,8.514166807301072,8.273834231453106,8.211413223825419,7.979102567585225,7.7092735518868185,7.329626686526573,7.294263588263643,6.771269670948236,6.646108480923213,7.096123656836318,6.917037737864849,7.085480021477246,6.349399277724136,6.838375082014408,6.359078849683405,6.838306682615041,6.460377826972401,6.375856852310088,6.596424935557832,6.3156633638247195,6.510097078487042,6.258300521085325,6.065432539880457,5.388075092994026,5.5132212111131444,5.4928897193591455,5.365226320239083,5.083544140631294,5.693520469687424,5.610412490123457,5.47093975775567,5.1647709052496555,4.553150337689171,4.537650304646816,4.83099601628359,4.434133567803753,4.2758921347283705,4.158158771450698,4.299944748422882,3.919679277654728,3.996869651688798,3.7819888617663877,3.7673693984532073,3.780766431921425,3.783869544065346,3.6016481856474023,3.8644605753860315,3.7811926389353028,3.9330072983784077,3.741319565097408,3.902951505281332,3.90925852642461,3.6758809141824504,4.164788817215185,4.156934642300035,4.161055558941469,4.130687122482505,4.318126057256492,4.368909149496165,4.063761849296817,4.292039679358952,3.9441181879437934,4.053379929579132,4.050526690096083,4.203009483879674,4.332704190101232,4.100505739860526,4.281775930740878,3.861176140853563,4.028317402807904,3.883343688916504,3.7879948488441375,3.7231914533952155,3.7726699709284897,3.731816373828705,3.636292645427915,3.4474204838489646,3.5576405563482774,3.656655545574465,3.5226272403450642,3.4757344058019086,3.434440811327455,3.237931023596611,3.354834749492612,3.288753197026914,3.266001137897678,3.069833265552462,3.2908679444631606,3.040208967467005,2.906905253656876,2.753453445925539,2.8759903727548837,2.65111973376684,2.4465497405388317,2.438412482300201,2.3462572885570103,2.165410905934967,2.004011829637192,1.9878397249747286,1.947353684565644,1.8791486365623264,1.8129489072495086,1.6622494968877901,1.6146897358318972,1.5334975329196519,1.6216403893990672,1.5456160170631859,1.548805304795138
50-54,20.5396105668559,20.41862000841711,21.265585864403327,21.181846166339664,20.147357207616505,18.642199771658408,19.18447695244423,19.95106246464462,19.116888577409245,19.497559505348455,17.789270041263652,18.828649191044253,19.488991482066442,18.23578295472682,19.887159112341312,19.221371479282766,18.34284932904792,18.110468655972802,27.84376067715659,16.996344835526468,18.85269843307887,16.479872049445174,18.22937645908203,18.13630660678102,18.21567266887321,17.468103265435484,16.277499316226756,17.356908978626166,15.61231201524246,18.93365323304641,18.104128171313707,15.873890296275198,15.151026355598162,16.053278235075354,16.066924946689163,16.434191573661533,16.81057329290449,16.454951824973815,16.496559617252256,18.009498689882555,18.076551613719584,16.81947607350777,14.96542137720608,14.519544516506848,16.59121693217652,15.119549999666912,15.428576905741222,14.931071014876904,15.496686326967462,14.702266603264231,14.542968657410414,14.339844321146105,13.4569338691576,14.054627144515315,14.93395889298774,14.530312119497285,15.241740925215414,14.770770886062033,13.818560643829082,13.312329435779107,13.589056442191074,12.587260719159021,13.314953258424165,13.24388831128923,14.141208634133548,13.87278320381941,13.101605474646357,12.641387080937907,12.614452773091095,11.83383515034444,13.010380971288328,11.731405216000285,11.846839751065449,12.410605726258664,12.134189159751413,11.396808971027314,11.881504300260064,11.188636279310469,10.920391127795028,11.666998979566054,12.012176131546653,11.973441137789827,11.038366506107424,10.160698778505832,10.932316730694172,10.498245087431743,9.827527802772927,10.373220211119712,9.6246761676384,9.78638267877074,9.763581182638905,9.550122356353283,9.67437983735515,9.375104402024876,9.32011880054243,9.377820814076333,9.872092010746686,9.359122433012978,9.963663782008156,9.057428365236852,9.238216451834875,9.455379128605147,8.900101327379598,8.96340691839227,8.7442263471726,8.387066433595155,9.063393369225272,7.743897853791108,7.578706250473374,7.882745949638781,8.235981053555152,7.741777370290218,7.554865612711753,7.035342662901415,6.755588288799684,6.789813498028848,6.806645597196484,6.658430435973662,6.483030858307306,6.478839260980149,6.354741176996802,6.490693385998739,6.396829773063524,6.452301265028291,6.2521587634303355,6.188570298957536,6.12065167597378,6.198868504759559,6.105735646612471,6.126711519426412,6.323110547510447,6.320923006352798,6.418403152725114,6.025978108290918,6.119943957446153,6.635886883172983,6.696081807026708,6.759741689829227,6.354807436831764,6.66177364028217,6.759909017678271,7.0875560740082575,6.436669306679512,6.384054748633775,6.59766859605028,6.6607197732381245,6.575878566627313,6.742813057453743,6.573088215595484,6.828253854765866,6.8158676411223516,6.560550543096552,6.724683251504635,6.354998838320621,6.409745548057815,6.276668203484555,5.861035463943821,5.715417709147945,5.72554853698467,5.76064367106599,5.446900660205892,5.465389195591051,5.2093283008398865,5.0145043123138535,5.047533328303928,4.795697251537644,4.937076039038461,5.070449896906713,4.875681271212275,4.908609418172778,4.8134686200286865,4.9258878787949465,4.995110115423452,4.517026610325685,4.395617695689571,4.454776899956875,3.939016307201299,3.839470571826944,3.689769270830279,3.446763288788951,3.4294650948643,3.1550787743705575,3.0602988611242052,3.0024832094033997,2.914625928752149,2.7156255121154382,2.6379482537349457,2.6935819932486322,2.5498221045126814
55-59,26.024630557790687,26.573797408522438,28.574549233964888,27.534932376896062,25.374676117874134,25.39910744007517,24.0740919718175,25.626918020840602,26.481386128187946,26.55252250106363,24.039247351401983,26.101326854034262,26.714337818572872,25.664602597318517,27.432914491309607,23.368487781253624,23.364364068970676,23.717153259854882,31.32837344552955,21.73609251846386,25.43826353579034,23.177304269440118,24.813703741750626,23.68323323171246,23.492423384085726,23.493398610271296,22.38925075442701,22.042173177106715,21.360720660107315,24.064031805504555,23.281559937653643,21.287174125597186,21.295057597633733,21.32194382065281,22.119731176632815,21.20283196939249,22.258641933921,21.62683104564848,22.747529280630328,23.397782241508086,23.010730820074095,21.021084714599834,20.827321831512926,18.959808502271578,21.856898731575864,21.764137295414805,20.907726897251703,18.542161728435957,21.152009777412655,20.046376982301236,20.14663694620084,20.27539544253981,19.076774305352266,19.58914696707151,19.319277928210443,20.45997183100307,21.06453403360941,19.713097492847776,19.81146425918529,17.897868143724473,17.633247077353992,17.668783357864374,18.62609084093557,16.628950615616024,18.093789441591444,19.50049173444979,17.30587870616108,17.782045636592233,17.780508385282527,17.188126242198916,17.57275788472824,16.15038444936896,17.409411511579325,16.65524121128973,16.538689180683125,16.208005788511954,16.786012530496073,15.964021835689044,15.434402474297915,15.78112600037012,16.0496752784334,16.22825497920946,16.319831807884498,14.84686685753284,15.6969544551167,14.565575000685056,13.54167494691583,15.311699767443834,14.597799348398418,14.220559246823683,13.743865752913843,14.414838673718215,14.214620777657746,14.185461677286419,14.229485539457524,13.90306338927453,14.472661465739955,14.100760573133993,14.275812566322287,14.19767554245397,13.946959542222436,13.559605178051761,14.145692996886893,13.38695836810695,13.04916738342663,12.885339134555815,12.928248222365868,12.05090382576062,11.767428624202259,12.277935581268247,12.360751371810325,12.250592322975649,11.349905193587789,10.447687022556387,10.465493607532153,10.529842170516321,10.113621448066118,10.304291506693234,10.515923114151347,10.155980531176944,10.113286388596498,10.475688387538323,10.45452351345452,9.852794772994525,9.961375063489003,10.009001867312744,9.989274793918245,10.282474312336966,10.45376370302157,10.138576514707907,10.642477494651773,10.18772652009296,10.407366985116353,9.950362172129529,9.984879448025648,10.021896853218308,10.034619260588194,9.956520346087114,10.17254779234655,10.46394621808738,9.974794309885239,10.415437491520045,9.98331917431569,10.161242675799935,10.63694974303887,10.556570024123866,10.638773450435782,10.416798030824248,10.52303277276484,10.19898778640465,10.665722948830965,10.670836715297016,10.920402451981866,10.328235036070867,10.52782832241901,10.56427489099723,9.975583868851299,9.703970204372649,9.482585615640676,9.12023861377686,9.179555570951036,8.763517402367992,8.42950798373637,8.015980585875276,8.113489621427837,7.997584541962898,7.926941279347658,7.518586022157971,7.449610409210295,7.083108856408278,6.876639634144059,7.182427309911093,7.193189578335393,6.720297858095414,6.959578993389313,6.875792866654016,6.420006279684507,6.329504218713049,6.1705254717593165,5.736174909418469,5.633414493121568,5.734842692299726,5.245970690446721,5.371039211408862,4.812589629907151,4.652714487876621,4.719684090564712,4.492876718791781,4.450903990043517
60-64,37.31210924158411,38.31487987061406,42.69335926340538,39.92730227665505,37.95586765421974,37.34251008245001,37.54154961291845,39.63488226421979,38.95001456841542,37.77129143624408,35.96669205610027,34.2157487585208,37.998716823954794,36.448953125559015,40.922531445456244,34.049185622331144,34.34658071501865,34.229362095013016,44.4482064729302,33.61828810064037,37.25389369569419,32.802543574122595,33.279891183013,35.96745025945776,31.780165665847946,35.44253366459291,33.0804576922889,34.380334166215384,32.6132777069259,37.82705278450789,33.9559916230428,30.45642634055058,31.51149432789839,30.884657033613465,31.93626534151646,32.20234806452122,33.444834280936966,32.56110911249434,32.47426422700863,32.930561384642644,33.26707849689787,29.366043677084747,28.94545472595821,27.70926685713703,30.8113584685166,29.52589868048339,28.899183952127242,27.421527764614538,29.278635653149475,28.668915098193754,27.522770862882677,28.41700656515903,26.646132974968317,27.89842065286914,28.338184903012372,29.19799814972988,32.10040763597702,31.699721237457275,28.83520445080855,25.972820911241367,26.54261142629322,24.63320811513023,26.817678128838182,25.228480536763342,27.176229808621372,27.56644912811728,24.582736520540788,24.417837049342868,25.194980446691616,24.85949340984937,26.78301894533214,23.8239370342558,25.370180445361463,24.905973795967835,23.989501614959682,23.111322588319737,23.89912024809854,24.07939078490962,23.27675471699758,23.82789088790279,23.682146301999055,24.25599364928337,23.928094680072633,20.57726132284319,22.948010203150407,23.06046442805813,21.59684005310497,23.998983943157977,22.401557221861985,22.551231076780883,21.089688813410994,22.42291392042259,22.937423268380638,22.537107747664894,22.00052559414609,22.184118430399906,22.303891639714795,21.441003308026197,22.02625745834405,21.569201022545514,21.977819126941935,21.909394227254747,22.214124299650823,21.037195200782936,21.20152951038086,20.790543852570973,20.23777569826222,19.33238087327577,18.96597055475495,19.026396085237437,19.027854995852522,19.612676134231506,18.641792768897265,16.271740154114795,17.263831041234457,17.511247016378295,16.97337057682531,16.819596285137273,16.1283787291534,16.57465759145159,16.11309610396518,15.67636648481026,16.30998548044829,16.070820046783634,15.653085839897042,16.03489473393848,15.575030340467519,16.31379387586416,16.17965218514033,16.753532430095085,16.795760139086518,16.71080586020998,16.945547931463427,16.086696159945408,16.115549923900723,16.20837492876127,16.09291388927896,16.49039484682974,15.961517910985316,15.955053405895093,15.544329301264435,16.296878752063453,15.297786731699402,15.709170405734517,16.080108345856292,16.390499064220524,16.32367362146331,16.00210202658651,16.600867372082693,16.400680407990745,16.38958481818247,16.528974293773565,16.32953595085884,16.054584631952437,15.857763904758775,15.870749593228002,15.519389009350608,15.842769570013667,15.730126735217842,15.482838272938087,15.900467076220364,14.997046948367123,14.342503790330005,14.270797753071626,13.256983045964164,12.653971290141024,11.936991340739919,11.913183081131569,11.67392000068996,11.449923171405985,10.852820321719562,11.11643562880307,10.837095605381982,10.49642515083947,10.566495016987798,10.055457420534362,9.519612657974218,9.233740702170575,9.329316359531775,9.420434247325982,9.298174778397712,9.155597721472734,8.553981532373212,8.547444476505895,8.619961868899757,8.088320568190696,8.138035509142895,7.8543353226475325,7.623570725135752
65-69,52.70659345182492,54.65642693222983,60.60621018153869,54.55619074305617,49.71720030939609,52.202438406009136,48.92666806617413,52.93398553229923,55.33968094333515,52.992319177259546,48.867571281613934,54.97512081194101,58.69348229608097,53.39189993558708,54.92007476099119,47.7319845487757,43.73654597405971,45.680279172968305,62.61000394727056,45.420237203475864,55.14616786473309,47.9001882509703,53.27375363334942,50.52669166220317,48.72085760538426,51.13934623418261,47.80789809152498,45.475959376596144,48.038568958638116,54.54417520466095,50.663621726651066,45.861840033239545,47.246143201320194,45.46431816067105,47.48456314517433,46.74612553064416,49.51751878155555,45.87051908703734,49.30406988870224,52.816400228452345,52.1057065232551,47.01280827886333,43.515464365463515,41.80697518847836,45.93780028175206,44.69695185965972,42.965926133727514,42.512588101016405,44.07809222295149,42.14020374738112,43.913788821838494,41.78982499520403,41.010638835301705,41.84983892994354,39.40050827241544,41.73988222942153,48.483129827119214,47.44494928147755,40.554945027102725,41.594008319471456,41.313381321871006,39.289223242681174,42.85271646370898,37.73179944316712,41.021686200408155,44.325009153379476,38.99249892003828,38.724334639871145,40.4748691941473,38.44531094032507,39.568711402561746,37.73793098498808,40.81613535363778,38.538308032583366,37.23811422392405,34.3061084551982,38.59057252211111,37.45249650737698,36.12050869899958,36.43731676704953,36.22186671014873,37.61690953909253,38.7127658823537,32.37915612719279,35.359745314363686,34.69567643610031,34.302065162813314,37.28608020495886,35.97608473377466,34.98446817336025,34.773902073404756,34.448281507052045,37.23315654253089,34.78890476932232,35.9577877298774,34.66777599936938,36.3362321266868,35.43389144295295,35.22602444356053,34.51868316368874,35.703305052942,35.883844104453665,35.57199131529419,34.229510826494646,33.050541118423055,34.706916238901,33.22572073421641,31.091073061572335,31.672347604207097,32.27709402818031,31.138642960823386,31.581758566651178,30.501532648691242,26.639391270800292,28.304107348049016,28.198496080209054,27.03301685925246,26.937043727091158,26.78811951286989,27.037991714857444,26.809011061702986,25.887076482976628,27.279187407303844,26.216947700056817,25.32389908328859,25.970330886194255,25.789793494502955,26.621577489122764,26.809188479285787,26.921880422728584,27.16242564236305,27.338154191003582,26.88562946514957,26.02055627391994,26.510214366516628,25.4312681184093,25.327412859248824,26.64282748225132,25.636333382971777,24.59657345583951,24.50602707417152,25.209509288706673,23.569358315955267,24.720140938433442,23.923960967901593,24.579679035894443,24.782756794974734,23.73042836691164,24.711051209645404,24.483826826470892,24.316852279219795,24.540834858129987,24.015712937914667,25.041871869491757,24.483592764332077,24.482831782056294,23.694678587674005,23.94648750616775,24.797123897717782,24.416489010908787,24.929223683934477,24.130979703432917,23.480580047775735,23.17237200359314,22.299367165836376,21.535472160255296,21.05594599576022,20.17568138125438,19.114742725883584,17.885077838467517,17.468147076815654,17.13725821773708,16.48779724373355,16.490622423235106,15.816161422803784,15.22296149779175,14.437850362888247,14.475897797566194,13.854300460748416,13.808805150625105,13.410413274851614,13.502022822446591,12.921528928665726,13.58730134668049,13.737015337310366,13.22437801222597,13.189739292897205,13.844655198399767,12.829911067328007
70-74,72.81485965143669,75.10369096379502,86.7899682767702,79.82921047684846,82.08950137009779,81.52554137930984,79.4081006052402,82.5369795417252,84.12809601767333,83.24653813294984,74.63196199135635,79.27730668248762,87.00729807178413,82.89817925589435,86.1746254197274,78.09354978170889,75.19522282344094,76.74563681342234,97.11132432651638,72.81424418770615,89.27148095010361,74.30693038892855,78.21889677041302,76.69693796951265,74.32253383736388,77.7199760658951,74.23632280070366,74.80795373193155,74.33559662816205,76.71600446531762,74.25062844479321,69.92063296443273,71.65048189448223,69.30954878344289,75.79896025563635,71.37399865959253,77.4227127607622,68.62860889392039,71.79052101445662,77.542697831839,79.85578276083622,70.57655731269789,66.83967069859308,66.5125117359999,72.9598153419001,69.44150245921033,67.73940392701435,66.2698298263201,67.480495109678,62.87025700759792,64.98242995141976,63.230163077459586,62.329558880052964,65.72800993268241,61.16527219680919,68.65579967660427,71.90537761119931,75.46608797733252,64.0436446018156,61.366766772458796,63.662200468196986,58.740716578920484,67.30496793918826,62.032757331889336,68.44279819886583,70.99145289079159,61.356778732568024,60.620558492349474,60.744382795254005,60.06482301005105,62.89334029407775,56.903387538475805,61.047320265784194,64.09977984764667,59.812303859145715,58.121813045151384,57.90992394860181,60.06328027381902,57.37858378679601,55.37293495594392,62.190877661715845,60.88282028918321,62.11942031078827,51.15817724641394,55.55270931720678,55.67996497830507,53.403417859629094,60.199220177711204,57.88176969924198,56.73691115469429,55.20968242951547,57.00935528589732,59.98862086164355,58.21558083716035,60.65063750017322,56.76060701670562,61.06433292360858,60.66458393254043,58.43616543764028,55.39978683588844,58.80445322536857,58.94122488069516,58.78254719483815,55.495465370993394,55.539345293400174,58.95570790114306,55.67441270375835,52.7021250520735,50.68039558650429,53.153024945050944,51.299657204683655,53.722280634942074,50.08718628722417,44.259710737669096,47.67186976678994,48.874774424118044,47.28492026648934,47.306540002129935,46.85626359454263,46.55963965004475,43.28793050173315,43.479516988405635,45.34284567380359,44.175804793932095,43.91086842440801,44.44236970689626,43.15097017262683,44.872201656971626,43.394326392852165,43.97483927209905,44.05538134338091,45.50135491423312,43.75657673325237,41.73642918361316,43.18506202667766,41.86415065438511,40.12807007903756,41.500702328339564,39.69503629744799,40.944792761987664,38.75011304125331,40.30615221645941,38.265403698447805,38.753820726298144,39.23561461645161,39.238173010971735,38.53601211824523,37.51721705833054,37.69073428708416,37.50149140153489,38.049938284218,37.28316493971079,36.7751241349211,36.05788414460322,36.31505090929319,37.7050613276668,37.22920290607433,37.24368769149483,38.33131670007343,37.02615386827907,38.343845985872605,36.48397814158623,36.06334100974173,34.91637136964117,34.47522125243365,33.74012355237526,33.18925337588654,33.019837531729216,32.28843579959056,30.67938528007535,29.17007238512855,29.15608796546158,27.915343106503073,26.479751717563992,25.540224100747913,25.463921673448656,23.74983518680106,22.937805494357477,22.060370107610552,21.26637340621291,21.46268574429541,20.611824101205954,20.73590630223572,20.53954156745896,19.905196568634107,19.792547299604777,20.882417171544276,21.052653216154155,20.3971142622736
75-79,104.32114298837321,112.65148266319663,125.70193082401973,112.18855406481812,99.02726009428693,109.84011534916786,113.29574363154127,114.68668891946497,114.91183521458254,118.53141320665546,112.12715644858955,112.17965899666693,133.0452417747676,118.3192401671892,123.89728353675827,110.55369294860485,106.12841463903715,112.08826115576855,135.0199040824874,104.74085564653959,138.28772155573944,116.00201798669084,123.83064024124529,114.95754636695676,111.30882713428004,115.27030997222388,113.75880246489699,110.5110762108868,102.46667393973206,117.36066063021264,112.2743672665729,107.59620272678973,113.49813292956334,102.98890929434434,107.29252793193126,105.6889462091837,115.81973025784896,99.1115203858758,109.1214855481713,119.48081935306092,120.08320090137813,106.43877863429171,103.94976069309611,98.07912088321507,114.61526607051151,110.85037823139763,103.33474089139438,97.87820836321461,103.41961214329298,102.28090530917447,102.37812186287317,99.03220882043989,101.51900114310342,100.60157223660244,98.13302306976753,99.66473433576905,120.00275204284064,115.7270166323634,102.38217547803704,96.18723544249802,103.64179554997786,93.1334122101534,102.53327495142796,92.70476824278364,104.31479617801527,113.53216014064694,97.83058429023765,95.95003403528196,97.94727106190825,95.24588474739069,104.04918366621305,90.16746659841512,101.16253675146858,99.12170706673407,96.2582714159068,90.98507203429781,94.2346917442638,99.69217641718251,96.54508686012231,93.46632683749598,100.57687290223011,102.39465027411634,102.56683546960166,79.67044929788639,91.65386678481003,97.75913777820506,86.7748959694073,103.90700664062622,95.52432836041788,92.87818356870552,90.43164670780207,93.15462934500994,103.04745304606234,93.91418011494929,101.07061328439812,89.2055777119393,101.20229511070963,98.63304481286556,90.74472446170964,94.19771054074405,96.92853606639275,100.81038219645659,97.11686619578245,93.21742845178171,93.62076542586514,97.43192760779073,95.23605977338644,84.93699085810228,85.66341487854982,84.29477887983099,85.2007882063616,84.23708876621224,82.43195499714845,73.41625842899515,78.11107430150078,83.67510051990054,79.20258628065011,80.77000893087659,79.09101192244081,78.96659218062408,74.90982218311068,74.36148010616239,77.18717502911126,75.21221679701077,75.31462635741767,76.92732673987712,73.86278180865794,75.51431155898909,74.25299927690797,74.12791847506367,74.21888438627873,75.88727563626608,70.05666810223099,66.82721106226387,65.21981652635824,64.74356108301974,62.99626885698814,64.76301295081846,63.9241559017575,65.2142726980176,62.56349104889536,64.70457113584783,58.988654824791055,60.593708562368626,61.411827280179814,61.326528464402514,61.727160004477454,60.08702644228148,59.626108076318815,58.86978925197738,58.611766231046545,58.819532422704846,56.361056110193566,57.54981354845363,57.745817489182095,58.66853511525956,56.236095420994864,56.72808160749085,59.71152069351987,56.89771496457176,58.598252481770864,57.078844411054654,54.9797186931345,54.43857836957809,54.5853023520805,53.39382536129154,53.35916839416086,52.6878286859753,50.848056969710605,48.80511307859063,47.88758165752614,48.20299134028246,46.43108880139779,45.240010831963545,45.500353355150864,43.61870809114651,41.94431482949193,40.04417946586589,37.800706913938185,36.29990132055071,35.09757973333933,34.66442696910775,33.938310120638974,34.734114995032954,32.92248004287555,32.739106961539854,33.33272626175892,34.39107844749476,33.57688864087181
80-84,159.42771763173928,170.21528828016193,188.11699517975097,168.414045047089,170.55551256871266,169.4291978196403,177.55803885447685,177.01587485833218,158.57945777410305,169.1584289027562,161.03625447147505,170.76326002587325,177.9286921985146,176.10336258236964,180.51634363090085,167.4762850142091,157.1644148203359,168.3869208009236,192.30431451405317,166.04306715480485,203.73934641938698,163.116132461412,171.05429546162225,162.68226827383066,158.72151448188083,179.96211698787812,168.61195306589664,172.26792506337176,162.148743294133,179.95268947448469,168.2775215037715,148.04463837389892,180.98846375473906,149.92771986780002,159.892995631473,156.52154292493555,159.7767253823503,148.07734713837615,157.4161971033678,174.72323945260933,182.82103575974622,168.55716807432714,154.9345425478796,149.2365617139819,167.37720818431373,162.67242880909927,160.34309075453623,151.34685800195334,161.46955738432388,146.50506087742568,159.6507537138363,149.9474685143564,148.5089878005106,171.83356698734002,150.5069939332927,161.45933351520333,192.35057056237585,185.6872497631682,156.32305661642096,148.86661979830717,154.36710627072648,148.9569335572028,157.08627010022036,142.20761005099047,167.54982910822972,179.66395500678448,150.72925379376267,147.97352168219422,152.80139770559606,145.61480213315934,154.31000284636573,144.75737235792684,166.07519302574448,163.84259036762057,154.16905736247375,147.64069689558934,145.5959864689938,151.94449695209863,152.51975210942885,145.55757036427545,165.72955056264803,166.32919446779673,169.69320761480472,124.82237651779204,147.01324373602984,155.51749242611746,143.50767799584742,166.99475172518123,159.34974160463588,150.96212138944827,145.3961905642989,148.63297773740487,163.7640451896894,151.29671224886226,160.84544154149825,144.06027702791815,162.2815201072552,162.97718526407706,147.294962485751,145.35833397265208,157.3366763962889,155.27269583260932,152.74106709392802,147.56107918757596,152.9687996035384,162.2582356570349,159.33936608734018,141.0340060786168,135.83265417006248,145.67698112298643,138.10281913623564,142.2126025547009,144.14527042865402,120.03186035665794,132.96231148533693,140.84372820776147,129.14778352924674,131.43267054545336,132.7447216890595,132.66869090875693,123.66894846929074,122.36176529060249,127.28005689101474,126.83034276462249,125.40112736016715,128.95366994619988,123.60281654587183,127.7660849181435,124.14211463689122,124.71204808430019,124.84457327795172,127.10281133667645,116.09660110292599,113.01109554825338,109.7628802180844,106.10977777764194,104.13343632797196,104.25061563559939,102.57424568133472,103.36311755504411,97.93802792780598,102.66540975029736,90.8329720404948,96.24574582517765,98.29891206301052,97.36259740184344,98.25329317306733,94.63680971478283,94.82624879577801,92.08773559345339,93.12145896432342,91.02438769211042,90.6607488260083,90.47889125195306,88.51193099554825,91.63825746383982,89.45625679580117,88.48820458511759,93.11588495216665,90.14225262048234,92.32943258375086,89.1228726821729,88.18495664869732,84.61069504720217,86.76384576105478,82.54511505113675,83.69656751420165,83.71920939034965,82.89123134116447,79.72302468642455,78.19615742948146,76.4111844564147,77.38072532129584,73.87261049988346,75.19662070687363,73.68819117319156,69.39107415781334,70.80111681445942,69.70124713820333,64.41975624387429,64.9859714487493,63.163568234421234,62.688522145710635,62.961057906714025,59.442397650140805,58.308438445333046,59.134671306246155,61.06535264801987,58.30919168438685
85-89,224.50646631840505,246.37381795786865,284.4145453835871,247.0647533206831,231.3954168128142,250.62178565278487,232.02189138505108,243.61101105276128,222.52152648296152,262.7341235416808,232.79654084375363,252.4436281070304,264.51814366142855,231.8195982217316,241.2255829981766,202.92491513460828,231.41953830985227,255.35834157234498,280.9370491498102,231.0469940049157,323.9236899212164,244.83279681173562,271.73052208263977,243.12847076391805,236.84491692932312,258.60570018353695,256.1445154132915,266.6522889912754,246.35729706552732,230.62663898621733,242.8485071671264,231.73265513594185,263.5367978061022,241.95300024606595,247.724368356048,228.8908439370856,263.28592278854137,224.82189217033888,227.65612300303863,252.53187685159807,256.5154935358095,213.9013626763288,232.21850309775854,225.7517862088889,249.45570603973493,232.69295965810193,247.95205087999528,243.7915790999348,238.76463299404213,219.65150322174048,224.39278538506574,219.60014640173523,234.8028006317923,247.390957192739,225.73138596854116,241.9629729383662,296.84810258124855,284.0963020178262,238.84727198156793,239.66020209386906,240.523220336166,227.2001704962207,245.63386370134887,214.32683537917194,250.7523541403748,276.29821475110765,244.90664258903763,232.34280916258828,235.21317466782622,229.1174512310718,253.84707811603596,216.59538537191366,237.29198219603813,236.00185543075995,219.85455452737563,221.20362303450088,236.1912035048287,249.95026603051332,249.09189436982098,228.03577576690478,252.18793110982108,261.31208889244016,263.68727251127757,183.91626123199316,233.6675194859285,241.43250933689444,232.04604060738654,255.20834646185335,243.05340696559884,231.43850648787188,222.1607464683012,234.93081973887857,272.5135646219827,236.22400201589414,254.2275706405629,222.21893809432038,247.21106283285567,241.85823828121386,226.53250638520333,223.5232312619339,237.13750657087783,246.90554438371933,239.323813967692,224.0984648454253,224.73167286878393,260.05327764423447,243.4918089671815,212.7755246916238,212.51135337772746,220.52519358732368,208.61994410077213,228.96422496611882,218.88714129247882,183.9202507362103,198.04305283757338,224.28189469043338,206.48833560572268,208.59599159373874,211.94439016258642,211.32484053963478,191.65864559051522,195.1884605512854,209.51852116143058,207.46442741964015,201.5140087711947,205.0866921284361,198.31094483910277,201.55884501234314,200.6221151822885,198.18271315034323,198.91111274607695,207.3929590947383,187.92127843238092,180.55182888853437,173.94634547996094,171.20996716118864,172.5083370369511,166.203967374724,167.34091254967885,167.70496478687997,160.63839272446282,171.31435947226487,150.89050862168216,154.59681098705096,156.7451735485298,154.44614747121886,153.440333666879,148.61681265788576,153.27467993341767,149.40227126451086,153.52790975791075,146.1965308873948,143.66484291804724,142.80953671426607,141.51245437664085,147.42917701757185,141.12338612373946,147.51593535741654,151.19821058629068,144.9462574292744,149.83380365300388,140.74105074720208,140.51435478716752,133.75223317245874,138.09549572546615,133.97869983586352,135.8642024315085,139.7001775015801,135.80469894945637,128.40381045815622,127.41450714096747,127.50044579820619,129.55977449550284,122.99246063012762,125.97280600105596,124.93630027625564,117.66379558805865,112.99796363529595,117.08211752645963,111.21161087769492,113.98290537066761,112.22782339454115,113.45547337867681,116.48143046821045,110.16905251161265,110.5003370819693,114.79183883550797,114.3916899174986,107.60095442274425
90-94,245.01225061253064,297.32934798421826,334.48341152462496,296.3391055817081,231.81918103878976,290.45019855372846,300.1644107975835,333.993553147695,305.0764597755094,290.3691651352074,322.74539586102145,308.4290093486415,299.941150786871,258.9434901448359,306.82980345488016,269.5730851613857,344.85921306062556,307.10599555681137,318.90822925760295,280.34472017443676,392.0741248659388,324.56262501648973,328.1821421203653,321.36465970097555,311.40093212705125,341.43378158289755,394.50702442728766,310.86360594875777,330.0537429647497,348.0286323360145,338.37579617834393,266.9577139558378,388.4413369137491,291.355355464937,312.9923028542334,336.1272391263224,360.68794627802305,331.782854547245,344.0540786322714,359.701027717222,415.99504029758214,356.4841528788651,304.42442318688285,295.88760673574404,321.80885854066923,354.57190520387445,346.87344565037176,317.87394523416117,363.1504101170675,320.83271681688734,352.04158885580176,351.2668477042278,325.38815307580546,380.2408010468909,330.6825333257051,371.70311685141417,416.68533536448757,401.4047332766357,355.5109900753182,342.941896496587,337.4809086928195,339.3735781673593,354.59522229595217,318.74878291260546,388.44124799076786,457.18182314112704,341.32287268818635,337.62450173014025,346.32082156508545,321.45603609332375,354.3352652617897,313.51590181067365,394.1280696815645,384.3857368380555,335.54167157845086,324.32938870230765,330.33639021531366,334.8170603498959,328.8699508243426,351.4190265459301,383.70871447971916,396.2089282710513,394.47253536693194,258.5059493154441,343.53692151458006,363.53115392485233,343.13613085683716,385.49687943816855,327.39426596177304,373.6691236691236,338.79856316423667,330.72183726429336,370.2473136990473,351.19764482495555,371.51064299918977,332.50648325628595,371.221961684014,329.0913922471294,332.4335196476965,308.60726427980336,376.0986334102071,349.1914592187816,345.8589833405377,347.1628653811321,327.4181275215,399.059191965029,373.53124280020984,325.5309254379166,289.0311796737953,321.23290594553305,338.6455744824288,351.55298239914606,335.086349174595,274.5593525195773,306.4078783066517,348.47051403342795,300.7732844009444,333.8754252666907,331.3354154470651,317.25432972921254,299.04375543320776,292.11409072156465,310.7364995674918,320.8582834331337,311.9602425340326,325.26991968083905,292.8102332322683,316.10745495738485,313.0372256016927,308.6272905291456,288.8873414648376,308.2781433296897,283.1254218686615,275.2911556691832,270.4551339329145,258.75591396788667,265.19117354714734,250.28678562765893,264.1883062410352,260.92279695857684,244.6013289036545,265.76373719952295,243.21378709293828,243.2663516128917,255.1303572678852,258.26576238675676,254.40391890963886,226.84702036699832,240.93180004138705,237.28249518174195,244.62975197757265,225.7537232110425,229.1280143066423,229.37987172123053,236.83558984115402,233.26271186440678,229.94380457587658,238.1717095070378,242.38130888782592,230.334777188122,242.28851397743097,231.80949421225972,224.16161715281015,219.64375472550864,224.8404952438841,216.2856533087736,224.25964858132966,225.9289739969802,225.1870469955576,213.81686624451254,212.20113574858894,211.50743348591402,209.55086099769218,213.54996313818188,211.4695898381398,200.67881939211082,199.68435421405917,192.1868126973366,198.95441989630368,191.75311875788054,200.0554573991191,193.6711190385817,198.79287358546213,204.40306483375437,195.3994196551157,196.70229332060217,202.07767995264743,210.56447057585922,202.9368320149429
95+,257.8052550231839,336.7263970979142,389.85251831926536,425.17401392111367,436.4652107668867,459.14587402825225,455.32500529324585,397.0941779032089,339.4229809324149,420.65358384541076,443.402882773914,373.98867313915855,538.6810399492706,323.2832241693887,469.1104594330401,330.7614586203729,390.71180555555554,448.13874252617217,472.01618341200265,571.549534292972,500.56895766954943,418.77101246615706,529.5742232451092,595.1878953243208,443.0940625395619,460.7529784974306,576.224477013654,345.1163936445374,424.7015610651974,447.73179077622797,574.3006993006993,405.9431862809269,726.1853908586075,461.36505073318705,520.75799218863,567.7401049794297,474.5119305856832,535.2559874419543,466.90604428485926,308.6508753861998,581.1623246492987,557.13282657142,450.65789473684214,701.6455354734288,629.2303084755916,503.53067714178815,504.9229992426155,398.20756804602803,509.5942434539277,505.78292692156214,537.5219855384013,584.675351318084,493.59243697478985,580.6047081185168,525.6382750482728,417.0719602977668,671.9486510881557,606.2126367706446,580.8287795992715,544.5162753771124,397.8021978021978,575.8968071803343,474.1629572285658,498.7087006857245,495.21571260701694,517.6126878130217,454.65263157894736,527.3454112443651,503.77833753148593,429.78414515552583,485.98963394881764,499.8828582584929,655.7652326883095,477.00336606350464,463.7372662308045,502.87879892136135,438.14609433833084,582.8639033462318,602.3291206246279,541.3580631107238,541.1240768927222,483.4369640261549,624.6811405249136,400.15054136992643,516.3094128611368,648.7887856183308,599.7232216994187,545.9342368362583,497.7081741787624,535.7479301979715,407.1304724750758,537.6276181454585,545.7460453185122,474.4232967075605,529.3639090862868,569.9901190420176,494.5791726105563,462.74820978714325,490.8914043155288,504.83258543320676,442.58667322350624,525.4141214236739,501.0796496231412,460.24623173397765,517.2285480389969,545.6908686301153,477.1293375394322,467.6097989849339,515.5038759689921,419.8464739113836,442.08975123679863,464.29505623855607,493.20616671021685,381.5622878858896,401.5958149488758,507.4626865671642,460.3960396039604,447.45473302077437,457.6180631373551,484.4107803417297,437.3542152615795,448.53153613773804,438.47993622110005,441.4334876849067,487.36462093862815,442.56103401657475,458.1296728375088,449.3753189247914,439.28308999712476,497.61254539041886,456.2178072111847,496.10507761414675,398.33280574021313,400.96923130039585,418.96385753041045,380.8406336074458,371.06918238993705,386.3514822123276,357.55577441870423,394.7808631649381,410.4386963137234,406.10230991675485,359.8861859936795,355.2379632338975,378.8678087053272,392.6357875139688,362.65863626586355,361.64773750135015,396.3297737048102,375.5805826296017,378.6954594345685,352.2246017807089,350.52327060396493,368.47543278385064,365.5792292588546,379.9426331676403,349.9363966954655,373.70883763530674,401.41423041400446,364.21059113842205,398.16469950503677,381.60943728359666,374.03975002313854,338.32256450399257,365.65610647501745,357.3089313153909,353.6654586735362,370.96006165758763,353.14992776835624,345.49819670192386,356.9754392942881,343.40528101634857,338.18374431048244,340.84121276654224,336.9505114735969,346.7876101583808,334.45415504620706,338.71805838000165,340.9729016272918,319.1325529817367,329.0730844188065,329.254034449675,337.9086878568496,355.82932448767997,339.35822090646104,329.5191837189663,355.5003546636645,364.4382960292079,358.66047733926604
